Title,Year,Publisher,Genre,Console
16t,1991,SEGA Enterprises Ltd.,Action,Sega Genesis
3 Ninjas Kick Back,1994,Sony Imagesoft,Action,Sega Genesis
688 Attack Sub,1991,"SEGA Enterprises Ltd., SEGA of America, Inc.",Simulation,Sega Genesis
6-PAK,1995,"SEGA of America, Inc., Tec Toy Indústria de Brinquedos S.A.",Compilation,Sega Genesis
Aa Harimanada,1993,SEGA Enterprises Ltd.,"Action, Sports",Sega Genesis
Abrams Battle Tank,1991,"SEGA Enterprises Ltd., SEGA of America, Inc.",Simulation,Sega Genesis
Action 52,1993,Active Enterprises Ltd.,"Action, Compilation",Sega Genesis
The Addams Family,1993,"Flying Edge, Inc.",Action,Sega Genesis
Addams Family Values,1995,Ocean Software Ltd.,Action,Sega Genesis
A Dinosaur's Tale,1994,"Hi-Tech Expressions, Inc.",Action,Sega Genesis
Advanced Daisenryaku: Doitsu Dengeki Sakusen,1991,SEGA Enterprises Ltd.,Strategy / tactics,Sega Genesis
The Adventures of Batman & Robin,1995,"SEGA Enterprises Ltd., SEGA of America, Inc., Tec Toy Indústria de Brinquedos S.A.",Action,Sega Genesis
The Adventures of Mighty Max,1994,Ocean Software Ltd.,Action,Sega Genesis
The Adventures of Rocky and Bullwinkle and Friends,1993,"Absolute Entertainment, Inc.",Action,Sega Genesis
Adventures of Yogi Bear,1994,Empire Interactive Entertainment,Action,Sega Genesis
Aerobiz,1992,"KOEI Co., Ltd., KOEI Corporation",Strategy / tactics,Sega Genesis
Aerobiz Supersonic,1994,"KOEI Co., Ltd., KOEI Corporation","Simulation, Strategy / tactics",Sega Genesis
Aero the Acro-Bat,1993,Sun Corporation of America,Action,Sega Genesis
Aero the Acro-Bat 2,1994,"Sun Corporation, Sun Corporation of America",Action,Sega Genesis
After Burner II,1990,"Micomsoft, SEGA Enterprises Ltd., SEGA of America, Inc., Tec Toy Indústria de Brinquedos S.A.",Action,Sega Genesis
Air Buster,1991,"Kaneko Co., Ltd., Kaneko USA, Ltd.",Action,Sega Genesis
Air Diver,1990,"Asmik Corporation, Seismic Software Inc.",Action,Sega Genesis
Alex Kidd in the Enchanted Castle,1989,"Samsung Electronics Co., Ltd., SEGA Enterprises Ltd., SEGA of America, Inc., Tec Toy Indústria de Brinquedos S.A.",Action,Sega Genesis
Alien³,1992,"Arena Entertainment, Tec Toy Indústria de Brinquedos S.A.",Action,Sega Genesis
Alien Soldier,1995,SEGA Enterprises Ltd.,Action,Sega Genesis
Alien Storm,1991,"SEGA Enterprises Ltd., SEGA of America, Inc., Tec Toy Indústria de Brinquedos S.A.",Action,Sega Genesis
Alisia Dragoon,1992,"Game Arts Co., Ltd., SEGA of America, Inc., Tec Toy Indústria de Brinquedos S.A.",Action,Sega Genesis
Allan Border's Cricket,1994,"Codemasters Software Company Limited, The",Sports,Sega Genesis
Altered Beast,1988,"SEGA Enterprises Ltd., SEGA of America, Inc., Tec Toy Indústria de Brinquedos S.A.",Action,Sega Genesis
American Gladiators,1992,"GameTek, Inc.","Action, Simulation",Sega Genesis
Andre Agassi Tennis,1992,"TecMagik Entertainment Ltd., Tec Toy Indústria de Brinquedos S.A.",Sports,Sega Genesis
Animaniacs,1994,"Konami Deutschland GmbH, Konami (America), Inc., Tec Toy Indústria de Brinquedos S.A.",Action,Sega Genesis
Arcade Classics,1996,"SEGA of America, Inc.",Compilation,Sega Genesis
Arch Rivals,1992,"Flying Edge, Inc.",Sports,Sega Genesis
Arcus Odyssey,1991,"Renovation Products, Inc., Wolf Team",Action,Sega Genesis
A Ressha de Ik? MD,1992,SEGA Enterprises Ltd.,"Simulation, Strategy / tactics",Sega Genesis
Arnold Palmer Tournament Golf,1989,"SEGA Enterprises Ltd., SEGA of America, Inc.",Sports,Sega Genesis
Arrow Flash,1990,"Renovation Products, Inc., SEGA Enterprises Ltd., Tec Toy Indústria de Brinquedos S.A.",Action,Sega Genesis
Art Alive,1991,"SEGA of America, Inc., Tec Toy Indústria de Brinquedos S.A.",Educational,Sega Genesis
Art of Fighting,1994,"SEGA Enterprises Ltd., SEGA of America, Inc.",Action,Sega Genesis
Astérix and the Great Rescue,1993,"SEGA Enterprises Ltd., SEGA of America, Inc., Tec Toy Indústria de Brinquedos S.A.",Action,Sega Genesis
Astérix and the Power of the Gods,1995,SEGA Enterprises Ltd.,Action,Sega Genesis
Atomic Robo-Kid,1990,Treco,Action,Sega Genesis
ATP Tour Championship Tennis,1994,"SEGA of America, Inc.",Sports,Sega Genesis
Australian Rugby League,1994,"Electronic Arts, Inc.",Sports,Sega Genesis
Awesome Possum Kicks Dr. Machino's Butt,1993,"Tengen Inc., Tengen Ltd.",Action,Sega Genesis
Awogue,1991,SEGA Enterprises Ltd.,Action,Sega Genesis
AWS Pro Moves Soccer,1993,Asciiware,Sports,Sega Genesis
Ayrton Senna's Super Monaco GP II,1992,"SEGA Enterprises Ltd., SEGA of America, Inc., Tec Toy Indústria de Brinquedos S.A.","Action, Racing / driving",Sega Genesis
Back to the Future Part III,1991,"Arena Entertainment, Image Works, Tec Toy Indústria de Brinquedos S.A.",Action,Sega Genesis
Beyond Oasis,1994,"SEGA Enterprises Ltd., SEGA of America, Inc.","Action, Role-Playing (RPG)",Sega Genesis
Bible Adventures,1995,"Wisdom Tree, Inc.","Action, Educational",Sega Genesis
Bill Walsh College Football ,1993,"Electronic Arts, Inc.",Sports,Sega Genesis
Bill Walsh College Football 95,1994,"Electronic Arts, Inc.",Sports,Sega Genesis
Bimini Run,1990,Nuvision Entertainment,"Action, Racing / driving",Sega Genesis
Bio Hazard Battle,1992,"SEGA Enterprises Ltd., SEGA of America, Inc.",Action,Sega Genesis
Bio-Ship Paladin,1991,"UPL Co., Ltd",Action,Sega Genesis
Bish?jo Senshi Sailor Moon,1994,MA-BA Corp,Action,Sega Genesis
Blades of Vengeance,1993,"Electronic Arts, Inc., Electronic Arts Ltd.",Action,Sega Genesis
Blaster Master 2,1993,Sun Corporation of America,Action,Sega Genesis
Blockout,1991,"Electronic Arts, Inc., SEGA Enterprises Ltd.",Puzzle,Sega Genesis
B.O.B.,1993,"Electronic Arts, Inc., Electronic Arts Victor, Tec Toy Indústria de Brinquedos S.A.",Action,Sega Genesis
Body Count,1994,"SEGA Enterprises Ltd., Tec Toy Indústria de Brinquedos S.A.",Action,Sega Genesis
Bonanza Bros.,1991,"SEGA Enterprises Ltd., SEGA of America, Inc., Tec Toy Indústria de Brinquedos S.A.",Action,Sega Genesis
Boogerman: A Pick and Flick Adventure,1994,"Interplay Productions, Inc., Tec Toy Indústria de Brinquedos S.A.",Action,Sega Genesis
Boxing Legends of the Ring,1993,Electro Brain Corp.,Sports,Sega Genesis
Bram Stoker's Dracula,1993,Sony Imagesoft,Action,Sega Genesis
Brave Battle Saga,1996,Piko Interactive LLC,Role-Playing (RPG),Sega Genesis
Brett Hull Hockey 95,1994,"Accolade, Inc.",Sports,Sega Genesis
Brian Lara Cricket '96,1996,"Codemasters Software Company Limited, The",Sports,Sega Genesis
Brutal: Paws of Fury,1994,"GameTek, Inc.",Action,Sega Genesis
Bubba 'N' Stix,1994,"Core Design Inc., Core Design Ltd.",Action,Sega Genesis
Bubble and Squeak,1994,Sun Corporation,Action,Sega Genesis
Bubsy II,1994,"Accolade, Inc.",Action,Sega Genesis
Bubsy in: Claws Encounters of the Furred Kind,1993,"Accolade, Inc.",Action,Sega Genesis
Buck Rogers: Countdown to Doomsday,1991,"Electronic Arts, Inc., Tec Toy Indústria de Brinquedos S.A.",Role-Playing (RPG),Sega Genesis
Budokan: The Martial Spirit,1990,"Electronic Arts, Inc.","Simulation, Sports",Sega Genesis
Bugs Bunny in Double Trouble,1996,"SEGA Enterprises Ltd., Tec Toy Indústria de Brinquedos S.A.",Action,Sega Genesis
Bulls vs. Blazers and the NBA Playoffs,1993,"Electronic Arts, Inc., Electronic Arts Victor",Sports,Sega Genesis
Bulls vs. Lakers and the NBA Playoffs,1992,"Electronic Arts, Inc., Electronic Arts Victor",Sports,Sega Genesis
Burning Force,1990,"Namco Limited, Namco Hometek Inc., Tec Toy Indústria de Brinquedos S.A.",Action,Sega Genesis
Cadash,1992,Taito Corporation,"Action, Role-Playing (RPG)",Sega Genesis
Caliber.50,1991,"Mentrix Software, Inc.",Action,Sega Genesis
California Games,1991,"SEGA Enterprises Ltd., SEGA of America, Inc., Tec Toy Indústria de Brinquedos S.A.",Sports,Sega Genesis
Cal Ripken Jr. Baseball,1992,"Mindscape, Inc.",Sports,Sega Genesis
Cannon Fodder,1994,Virgin Interactive Entertainment (Europe) Ltd.,"Action, Strategy / tactics",Sega Genesis
Canon: Legends of the New Gods,1996,"Chuanpu Technologies, Piko Interactive LLC","Role-Playing (RPG), Strategy / tactics",Sega Genesis
Captain America and the Avengers,1992,"Data East USA, Inc., Tec Toy Indústria de Brinquedos S.A.",Action,Sega Genesis
Captain Planet and the Planeteers ,1992,"SEGA Enterprises Ltd., Tec Toy Indústria de Brinquedos S.A.",Action,Sega Genesis
Cascade,2015,Super Fighter Team,Puzzle,Sega Genesis
Castle of Illusion starring Mickey Mouse,1990,"SEGA Enterprises Ltd., SEGA of America, Inc., Tec Toy Indústria de Brinquedos S.A.",Action,Sega Genesis
Castlevania: Bloodlines,1994,"Konami Co., Ltd., Konami Deutschland GmbH, Konami of America, Inc., Konami (America), Inc.",Action,Sega Genesis
Centurion: Defender of Rome,1991,"Electronic Arts, Inc.",Strategy / tactics,Sega Genesis
Chakan,1992,"SEGA of America, Inc., Tec Toy Indústria de Brinquedos S.A.",Action,Sega Genesis
Championship Bowling,1993,"Mentrix Software, Inc., Visco Corporation",Sports,Sega Genesis
Championship Pool,1993,"Mindscape, Inc.",Sports,Sega Genesis
Championship Soccer '94,1994,Sony Imagesoft,Sports,Sega Genesis
Championship Soccer '94,1993,Sony Imagesoft,Sports,Sega Genesis
Champions World Class Soccer,1993,"Acclaim Japan, Ltd., Flying Edge, Inc., Tec Toy Indústria de Brinquedos S.A.",Sports,Sega Genesis
Chase H.Q. II,1992,"Taito America Corporation, Taito Corporation","Action, Racing / driving",Sega Genesis
Chavez II,1993,American Softworks Corporation,Sports,Sega Genesis
Cheese Cat-Astrophe starring Speedy Gonzales,1995,SEGA Enterprises Ltd.,Action,Sega Genesis
Chelnov: Atomic Runner,1992,"Data East Corporation, Data East USA, Inc.",Action,Sega Genesis
The Chessmaster,1997,"SEGA of America, Inc.",Strategy / tactics,Sega Genesis
Chester Cheetah: Too Cool to Fool,1992,"Kaneko USA, Ltd.",Action,Sega Genesis
Chester Cheetah: Wild Wild Quest,1993,"Kaneko USA, Ltd.",Action,Sega Genesis
Chibi Maruko-chan: Waku Waku Shopping,1992,Namco Limited,Strategy / tactics,Sega Genesis
Chi Chi's Pro Challenge Golf,1993,"Soft Vision International Co., Ltd., Virgin Interactive Entertainment, Inc.",Sports,Sega Genesis
Chiki Chiki Boys,1992,"SEGA Enterprises Ltd., SEGA of America, Inc., Tec Toy Indústria de Brinquedos S.A.",Action,Sega Genesis
Ch?ky?kai Miracle Nine,1995,SEGA Enterprises Ltd.,Sports,Sega Genesis
Chuck Rock,1991,"Virgin Games, Ltd., Tec Toy Indústria de Brinquedos S.A., Virgin Games, Inc.",Action,Sega Genesis
Chuck Rock II: Son of Chuck,1993,"Core Design Ltd., Virgin Games, Inc., Virgin Interactive Entertainment (Japan), Inc.",Action,Sega Genesis
Classic Collection,1996,SEGA Enterprises Ltd.,Compilation,Sega Genesis
Clay Fighter,1994,"Interplay Productions, Inc., Tec Toy Indústria de Brinquedos S.A.",Action,Sega Genesis
Cliffhanger,1993,Sony Imagesoft,Action,Sega Genesis
Clue,1992,Parker Brothers,"Puzzle, Strategy / tactics",Sega Genesis
Coach K College Basketball,1995,"Electronic Arts, Inc.",Sports,Sega Genesis
Codemasters 2 in 1: Fantastic Dizzy + Cosmic Spacehead,1994,"Codemasters Software Company Limited, The",Compilation,Sega Genesis
College Football's National Championship,1994,"SEGA of America, Inc.",Sports,Sega Genesis
College Football's National Championship II,1995,"SEGA of America, Inc.",Sports,Sega Genesis
College Football USA 96,1995,"Electronic Arts, Inc.",Sports,Sega Genesis
College Football USA 97,1996,"Electronic Arts, Inc.",Sports,Sega Genesis
College Slam,1996,"Acclaim Entertainment, Inc.",Sports,Sega Genesis
Columns,1990,"SEGA Enterprises Ltd., SEGA of America, Inc., Tec Toy Indústria de Brinquedos S.A.","Action, Puzzle",Sega Genesis
Columns III: Revenge of Columns,1993,"SEGA Enterprises Ltd., Vic Tokai, Inc.",Puzzle,Sega Genesis
Combat Cars,1994,"Accolade, Inc.","Action, Racing / driving",Sega Genesis
Comix Zone,1995,"SEGA Enterprises Ltd., SEGA of America, Inc., Tec Toy Indústria de Brinquedos S.A.",Action,Sega Genesis
Contra Hard Corps,1994,"Konami Co., Ltd., Konami Deutschland GmbH, Konami (America), Inc.",Action,Sega Genesis
Cool Spot,1993,"Virgin Games, Ltd., Virgin Games, Inc., Virgin Interactive Entertainment (Japan), Inc.",Action,Sega Genesis
Corporation,1992,"Virgin Games, Inc.",Action,Sega Genesis
Cosmic Spacehead,1993,"Codemasters Software Company Limited, The","Action, Adventure",Sega Genesis
Crack Down,1990,"Sage's Creation, Inc., SEGA Enterprises Ltd., Tec Toy Indústria de Brinquedos S.A.",Action,Sega Genesis
Crayon Shin-chan: Arashi o Yobu Enji,1994,MA-BA Corp,Action,Sega Genesis
CrazyBus,2004,Tom Scripts Ltda.,Racing / driving,Sega Genesis
CrossFire,1991,"Kyugo of America, Inc., Kyugo Trading Co., Ltd, Tec Toy Indústria de Brinquedos S.A.",Action,Sega Genesis
Crüe Ball,1992,"Electronic Arts, Inc., Electronic Arts Victor, Tec Toy Indústria de Brinquedos S.A.",Action,Sega Genesis
Crusader of Centy,1994,"Atlus Software Inc., Samsung Electronics Co., Ltd., SEGA Enterprises Ltd.",Action,Sega Genesis
Crystal's Pony Tale,1994,"SEGA of America, Inc., Tec Toy Indústria de Brinquedos S.A.","Action, Adventure",Sega Genesis
Curse,1989,Micronet Co. Ltd.,Action,Sega Genesis
Cutie Suzuki no Ringside Angel,1990,Asmik Corporation,"Action, Sports",Sega Genesis
Cutthroat Island,1996,"Acclaim Entertainment, Inc., Tec Toy Indústria de Brinquedos S.A.",Action,Sega Genesis
Cyberball,1990,"SEGA Enterprises Ltd., SEGA of America, Inc.","Sports, Strategy / tactics",Sega Genesis
Cyborg Justice,1993,"SEGA of America, Inc., Tec Toy Indústria de Brinquedos S.A.",Action,Sega Genesis
Daffy Duck in Hollywood,1995,SEGA Enterprises Ltd.,Action,Sega Genesis
Dahna: Megami Tanj?,1991,Information Global Service,Action,Sega Genesis
Dangerous Seed,1990,Namco Limited,Action,Sega Genesis
Dark Castle,1991,"Electronic Arts, Inc., Tec Toy Indústria de Brinquedos S.A.",Action,Sega Genesis
Dashin' Desperadoes,1993,"Data East USA, Inc.","Action, Racing / driving",Sega Genesis
David Crane's Amazing Tennis,1992,"Absolute Entertainment, Inc.",Sports,Sega Genesis
David Robinson's Supreme Court,1992,"SEGA Enterprises Ltd., SEGA of America, Inc., Tec Toy Indústria de Brinquedos S.A.",Sports,Sega Genesis
Davis Cup Tennis,1993,"Tengen Inc., Tengen Ltd.",Sports,Sega Genesis
Daze Before Christmas,1994,Sun Corporation,Action,Sega Genesis
Deadly Moves,1992,"Kaneko Co., Ltd., Kaneko USA, Ltd.",Action,Sega Genesis
The Death and Return of Superman,1994,Sun Corporation of America,Action,Sega Genesis
Death Duel,1992,"RazorSoft, Inc.",Action,Sega Genesis
DEcapAttack,1991,"SEGA Enterprises Ltd., SEGA of America, Inc., Tec Toy Indústria de Brinquedos S.A.",Action,Sega Genesis
Demolition Man,1995,"Acclaim Entertainment, Inc., Tec Toy Indústria de Brinquedos S.A.",Action,Sega Genesis
Desert Demolition Starring Road Runner and Wile E. Coyote,1995,"SEGA Enterprises Ltd., SEGA of America, Inc., Tec Toy Indústria de Brinquedos S.A.",Action,Sega Genesis
Desert Strike: Return to the Gulf,1992,"Electronic Arts, Inc., Electronic Arts Victor, Tec Toy Indústria de Brinquedos S.A.",Action,Sega Genesis
Devilish: The Next Possession,1992,"Hot-B Co., Ltd., Sage's Creation, Inc.",Action,Sega Genesis
Devil's Crush,1991,"Technosoft Co., Ltd., Tengen Inc.",Action,Sega Genesis
Dial Q o Mawase!,1992,Studio Fazzy,Strategy / tactics,Sega Genesis
Dick Tracy,1990,"SEGA Enterprises Ltd., SEGA of America, Inc.",Action,Sega Genesis
"Dick Vitale's ""Awesome, Baby!"" College Hoops",1994,Time Warner Interactive Inc.,Sports,Sega Genesis
Dino Dini's Soccer,1994,Virgin Interactive Entertainment (Europe) Ltd.,Sports,Sega Genesis
Dino Land,1991,"Renovation Products, Inc., Wolf Team",Simulation,Sega Genesis
The Disney Collection: Quackshot Starring Donald Duck & Castle of Illusion Starring Mickey Mouse,1996,SEGA Enterprises Ltd.,Compilation,Sega Genesis
Disney's Aladdin,1993,"SEGA Enterprises Ltd., SEGA of America, Inc., Tec Toy Indústria de Brinquedos S.A.",Action,Sega Genesis
Disney's Ariel the Little Mermaid,1992,"SEGA of America, Inc., Tec Toy Indústria de Brinquedos S.A.",Action,Sega Genesis
Disney's Beauty and the Beast: Belle's Quest,1993,Sun Electronics Corp.,Action,Sega Genesis
Disney's Beauty and the Beast: Roar of the Beast,1993,Sun Corporation of America,Action,Sega Genesis
Disney's Bonkers,1994,"SEGA Enterprises Ltd., SEGA of America, Inc., Tec Toy Indústria de Brinquedos S.A.","Action, Racing / driving",Sega Genesis
Disney's Pocahontas,1996,"Buena Vista Games, Inc., SEGA Enterprises Ltd., Tec Toy Indústria de Brinquedos S.A.",Action,Sega Genesis
Disney's TaleSpin,1992,"SEGA Enterprises Ltd., SEGA of America, Inc., Tec Toy Indústria de Brinquedos S.A.",Action,Sega Genesis
Disney's The Jungle Book,1994,"Virgin Interactive Entertainment (Europe) Ltd., Virgin Interactive Entertainment, Inc.",Action,Sega Genesis
Disney's Toy Story,1995,"Disney Interactive, Inc., SEGA Enterprises Ltd., Tec Toy Indústria de Brinquedos S.A.",Action,Sega Genesis
Divine Sealing,1991,Studio Fazzy,Action,Sega Genesis
DJ Boy,1990,"Kaneko USA, Ltd., SEGA Enterprises Ltd.",Action,Sega Genesis
Doom Troopers: Mutant Chronicles,1995,"Playmates Interactive Entertainment, Inc.",Action,Sega Genesis
Doraemon: Yume Dorob? to 7-nin no Gozans,1993,SEGA Enterprises Ltd.,Action,Sega Genesis
Double Clutch,1993,SEGA Enterprises Ltd.,Racing / driving,Sega Genesis
Double Dragon,1993,Ballistic,Action,Sega Genesis
Double Dragon 3: The Rosetta Stone,1992,"Flying Edge, Inc., Tec Toy Indústria de Brinquedos S.A.",Action,Sega Genesis
Double Dragon II: The Revenge,1991,PAL SOFT,Action,Sega Genesis
Double Dragon V: The Shadow Falls,1994,"Tradewest, Inc.",Action,Sega Genesis
Double Dribble: The Playoff Edition,1994,"Konami Co., Ltd., Konami (America), Inc.","Action, Sports",Sega Genesis
Double Pack: Joe Montana Football 3 and Double Clutch MD,1996,Sega Ozisoft Pty Ltd.,Compilation,Sega Genesis
Dragon Ball Z: L'Appel Du Destin,1994,"Bandai Co., Ltd., Bandai S.A.",Action,Sega Genesis
Dragon's Eye Plus Shanghai III,1991,Home Data Corp.,Puzzle,Sega Genesis
Dragon Slayer: The Legend of Heroes,1994,SEGA Corporation,Role-Playing (RPG),Sega Genesis
Dragon Slayer: The Legend of Heroes II,1995,SEGA Corporation,Role-Playing (RPG),Sega Genesis
Dragon's Revenge,1993,"Tengen Inc., Tengen Ltd.",Action,Sega Genesis
Dragon: The Bruce Lee Story,1994,"Acclaim Entertainment, Inc., Tec Toy Indústria de Brinquedos S.A.",Action,Sega Genesis
Dr. Robotnik's Mean Bean Machine,1993,"SEGA Enterprises Ltd., SEGA of America, Inc., Tec Toy Indústria de Brinquedos S.A.",Puzzle,Sega Genesis
The Duel: Test Drive II,1992,"Accolade, Inc., Ballistic","Racing / driving, Simulation",Sega Genesis
Duke Nukem 3D,1998,Tec Toy Indústria de Brinquedos S.A.,Action,Sega Genesis
Dune: The Battle for Arrakis,1994,"Virgin Interactive Entertainment (Europe) Ltd., Virgin Games, Inc.",Strategy / tactics,Sega Genesis
Dungeons & Dragons: Warriors of the Eternal Sun,1992,"SEGA Enterprises Ltd., SEGA of America, Inc.",Role-Playing (RPG),Sega Genesis
Dyna Brothers,1992,CSK Research Institute Corp.,Strategy / tactics,Sega Genesis
Dyna Brothers 2,1993,CSK Research Institute Corp.,Strategy / tactics,Sega Genesis
Dyna Brothers 2: Sega Channel Special,1995,SEGA Enterprises Ltd.,Special edition,Sega Genesis
Dynamite Duke,1990,"SEGA Enterprises Ltd., SEGA of America, Inc., Tec Toy Indústria de Brinquedos S.A.",Action,Sega Genesis
Dynamite Headdy,1994,"SEGA Enterprises Ltd., SEGA of America, Inc.",Action,Sega Genesis
Earnest Evans,1992,"Renovation Products, Inc.",Action,Sega Genesis
Earth Defense,1995,Realtec Corporation,Action,Sega Genesis
Earthworm Jim,1994,"Interplay Productions, Inc., Playmates Interactive Entertainment, Inc., Tec Toy Indústria de Brinquedos S.A.",Action,Sega Genesis
Earthworm Jim 2,1995,"Interplay Productions, Inc., Playmates Interactive Entertainment, Inc., Tec Toy Indústria de Brinquedos S.A.",Action,Sega Genesis
EA Sports Double Header,1993,Electronic Arts Ltd.,"Compilation, Sports",Sega Genesis
Ecco Jr.,1995,"SEGA Enterprises Ltd., SEGA of America, Inc.",Action,Sega Genesis
Ecco the Dolphin,1992,"SEGA Enterprises Ltd., SEGA of America, Inc., Tec Toy Indústria de Brinquedos S.A.",Action,Sega Genesis
Ecco: The Tides of Time,1994,"SEGA Enterprises Ltd., SEGA of America, Inc.",Action,Sega Genesis
Elemental Master,1990,"Renovation Products, Inc., Technosoft Co., Ltd.",Action,Sega Genesis
Eliminate Down,1993,"Soft Vision International Co., Ltd.",Action,Sega Genesis
Elitserien 95,1994,"Electronic Arts, Inc.",Sports,Sega Genesis
Elitserien 96,1995,"Electronic Arts, Inc.",Sports,Sega Genesis
El Viento,1991,"Renovation Products, Inc., Wolf Team",Action,Sega Genesis
Escape 2042: The Truth Defenders,2017,OrionSoft,Action,Sega Genesis
ESPN Baseball Tonight,1994,Sony Imagesoft,Sports,Sega Genesis
ESPN National Hockey Night,1994,Sony Imagesoft,Sports,Sega Genesis
ESPN Speed World,1994,Sony Imagesoft,"Racing / driving, Simulation",Sega Genesis
ESPN Sunday Night NFL,1994,Sony Imagesoft,Sports,Sega Genesis
ESWAT: City under Siege,1990,"SEGA Enterprises Ltd., SEGA of America, Inc., Tec Toy Indústria de Brinquedos S.A.",Action,Sega Genesis
Eternal Champions,1993,"SEGA Enterprises Ltd., SEGA of America, Inc., Tec Toy Indústria de Brinquedos S.A.",Action,Sega Genesis
"Evander Holyfield's ""Real Deal"" Boxing",1992,"SEGA Enterprises Ltd., SEGA of America, Inc.",Sports,Sega Genesis
Exile,1991,"Renovation Products, Inc., Telenet Japan Co., Ltd.","Action, Role-Playing (RPG)",Sega Genesis
Ex-Mutants,1992,"SEGA of America, Inc., Tec Toy Indústria de Brinquedos S.A.",Action,Sega Genesis
Exodus: Journey to the Promised Land,1993,"Wisdom Tree, Inc.","Action, Educational, Puzzle",Sega Genesis
Exo Squad,1995,"Virgin Interactive Entertainment (Europe) Ltd., Playmates Interactive Entertainment, Inc.",Action,Sega Genesis
F-117 Night Storm,1993,"Electronic Arts, Inc., Electronic Arts Victor, Tec Toy Indústria de Brinquedos S.A.",Simulation,Sega Genesis
F-15 Strike Eagle II,1993,"MicroProse Software, Inc.",Simulation,Sega Genesis
F1 Circus '91,1991,"Nihon Bussan Co., Ltd.",Racing / driving,Sega Genesis
F1 Triple Battle,1991,"Human Entertainment, Inc.",Racing / driving,Sega Genesis
F1: World Championship Edition,1995,Domark Software Ltd.,"Racing / driving, Sports",Sega Genesis
F-22 Interceptor,1991,"Electronic Arts, Inc., Electronic Arts Ltd., Electronic Arts Victor, Tec Toy Indústria de Brinquedos S.A.",Simulation,Sega Genesis
The Faery Tale Adventure: Book I,1991,"Electronic Arts, Inc.",Role-Playing (RPG),Sega Genesis
Family Feud,1993,"GameTek, Inc.",Puzzle,Sega Genesis
Fantasia,1991,"SEGA Enterprises Ltd., SEGA of America, Inc.",Action,Sega Genesis
The Fantastic Adventures of Dizzy,1993,"Codemasters Software Company Limited, The",Action,Sega Genesis
Fatal Fury,1993,"SEGA Enterprises Ltd., TAKARA U.S.A. CORP., Tec Toy Indústria de Brinquedos S.A.",Action,Sega Genesis
Fatal Fury 2,1994,"TAKARA Co., Ltd., TAKARA U.S.A. CORP.",Action,Sega Genesis
Fatal Labyrinth,1990,"SEGA Enterprises Ltd., SEGA of America, Inc.",Role-Playing (RPG),Sega Genesis
Férias Frustradas do Pica-Pau,1996,Tec Toy Indústria de Brinquedos S.A.,Action,Sega Genesis
Ferrari Grand Prix Challenge,1992,"Flying Edge, Inc., Varie Corporation","Racing / driving, Simulation",Sega Genesis
FIFA International Soccer,1993,"Electronic Arts, Inc., Electronic Arts Ltd., Electronic Arts Victor, Tec Toy Indústria de Brinquedos S.A.",Sports,Sega Genesis
FIFA: Road to World Cup 98,1997,"Electronic Arts, Inc.",Sports,Sega Genesis
FIFA Soccer 95,1994,"Electronic Arts, Inc., Tec Toy Indústria de Brinquedos S.A.",Sports,Sega Genesis
FIFA Soccer 96,1995,"Electronic Arts, Inc., Tec Toy Indústria de Brinquedos S.A.","Simulation, Sports",Sega Genesis
FIFA Soccer 97,1996,"Electronic Arts, Inc.",Sports,Sega Genesis
Fighting Masters,1991,"American Treco Corporation, Treco",Action,Sega Genesis
Final Blow,1990,"SEGA of America, Inc., Taito Corporation","Action, Sports",Sega Genesis
Final Zone,1990,"Renovation Products, Inc., Tec Toy Indústria de Brinquedos S.A., Wolf Team",Action,Sega Genesis
Fire Mustang,1991,Taito Corporation,Action,Sega Genesis
Firepower 2000,1994,Time Warner Interactive Inc.,Action,Sega Genesis
Fire Shark,1990,"DreamWorks, Toaplan Co., Ltd.",Action,Sega Genesis
Flashback: The Quest for Identity,1993,"Sun Electronics Corp., Tec Toy Indústria de Brinquedos S.A., U.S. Gold Ltd.",Action,Sega Genesis
Flicky,1990,"SEGA Enterprises Ltd., SEGA of America, Inc., Tec Toy Indústria de Brinquedos S.A.",Action,Sega Genesis
Flink,1994,Psygnosis Limited,Action,Sega Genesis
The Flintstones,1993,"SEGA Enterprises Ltd., Taito Corporation",Action,Sega Genesis
Foreman for Real,1995,"Acclaim Entertainment, Inc., Acclaim Japan, Ltd.",Sports,Sega Genesis
Forgotten Worlds,1989,"SEGA Europe Ltd., SEGA Enterprises Ltd., SEGA of America, Inc.",Action,Sega Genesis
Formula One,1993,"Domark Software, Inc., Domark Software Ltd., Tengen Inc.","Racing / driving, Simulation",Sega Genesis
Frank Thomas Big Hurt Baseball,1995,"Acclaim Entertainment, Inc.","Simulation, Sports",Sega Genesis
Frog Feast,2006,Chaos89.com,Action,Sega Genesis
Frogger,1998,"Majesco Sales, Inc.",Action,Sega Genesis
Fun 'N Games,1993,"Tradewest, Inc.",Action,Sega Genesis
Funny World & Balloon Boy,1993,Realtec Corporation,"Action, Compilation",Sega Genesis
Fushigi no Umi no Nadia,1991,Namco Limited,Adventure,Sega Genesis
FX·Unit Yuki,2019,JoshProd,Action,Sega Genesis
Gadget Twins,1992,"GameTek, Inc.",Action,Sega Genesis
Gaiares,1990,"Renovation Products, Inc., Telenet Japan Co., Ltd.",Action,Sega Genesis
Gain Ground,1991,"Renovation Products, Inc., SEGA Enterprises Ltd.","Action, Strategy / tactics",Sega Genesis
Galaxy Force II,1991,"CSK Research Institute Corp., SEGA of America, Inc.",Action,Sega Genesis
Gambler Jiko Ch?shinha: Katayama Masayuki no Mahjong D?j?,1990,"Game Arts Co., Ltd.",Strategy / tactics,Sega Genesis
Game no Kanzume: Otokuy?,1995,SEGA Enterprises Ltd.,Compilation,Sega Genesis
The Games: Winter Challenge,1991,"Accolade Europe Ltd., Ballistic","Action, Sports",Sega Genesis
Garfield: Caught in the Act,1995,"SEGA of America, Inc.",Action,Sega Genesis
Garfield: The Lost Levels,1996,"SEGA of America, Inc.",Action,Sega Genesis
Gargoyles,1995,Buena Vista Interactive,Action,Sega Genesis
Garry Kitchen's Super Battletank: War in the Gulf,1992,"Absolute Entertainment, Inc.","Action, Simulation",Sega Genesis
Gauntlet IV,1993,"Tengen Inc., Tengen Ltd.",Action,Sega Genesis
Gemfire,1992,"KOEI Co., Ltd., KOEI Corporation",Strategy / tactics,Sega Genesis
General Chaos,1993,"Electronic Arts, Inc., Electronic Arts Victor, Tec Toy Indústria de Brinquedos S.A.","Action, Strategy / tactics",Sega Genesis
Generals of the Yang Family,1990,"JoshProd, Taiwan Information Corporation",Action,Sega Genesis
Generations Lost,1994,Time Warner Interactive Inc.,Action,Sega Genesis
Genghis Khan II: Clan of the Gray Wolf,1993,"KOEI Co., Ltd., KOEI Corporation",Strategy / tactics,Sega Genesis
George Foreman's KO Boxing,1992,"Flying Edge, Inc.",Sports,Sega Genesis
Ghostbusters,1990,"SEGA Enterprises Ltd., SEGA of America, Inc., Tec Toy Indústria de Brinquedos S.A.",Action,Sega Genesis
Ghouls 'N Ghosts,1989,"SEGA Enterprises Ltd., SEGA of America, Inc., Tec Toy Indústria de Brinquedos S.A.",Action,Sega Genesis
Gleylancer,1992,"Masaya, Samsung Electronics Co., Ltd.",Action,Sega Genesis
G-Loc: Air Battle,1991,"SEGA Enterprises Ltd., SEGA of America, Inc.",Action,Sega Genesis
Gods,1992,"Accolade Europe Ltd., Mindscape, Inc., PCM Complete",Action,Sega Genesis
Golden Axe,1989,"SEGA Enterprises Ltd., SEGA of America, Inc., Tec Toy Indústria de Brinquedos S.A.",Action,Sega Genesis
Golden Axe II,1991,"SEGA Enterprises Ltd., SEGA of America, Inc.",Action,Sega Genesis
Golden Axe III,1993,"SEGA Enterprises Ltd., SEGA of America, Inc.",Action,Sega Genesis
Go Net,1992,SEGA Enterprises Ltd.,Strategy / tactics,Sega Genesis
Goofy's Hysterical History Tour,1993,"Absolute Entertainment, Inc.",Action,Sega Genesis
Granada,1990,"Renovation Products, Inc., Tec Toy Indústria de Brinquedos S.A., Wolf Team",Action,Sega Genesis
The Great Circus Mystery starring Mickey & Minnie,1994,"Capcom Co., Ltd., Capcom U.S.A., Inc., Tec Toy Indústria de Brinquedos S.A.",Action,Sega Genesis
Greatest Heavyweights,1993,"SEGA Enterprises Ltd., SEGA of America, Inc.",Sports,Sega Genesis
The Great Waldo Search,1992,THQ Inc.,"Action, Puzzle",Sega Genesis
Greendog: The Beached Surfer Dude!,1992,"SEGA Enterprises Ltd., SEGA of America, Inc., Tec Toy Indústria de Brinquedos S.A.",Action,Sega Genesis
Grind Stormer,1994,"Tengen Inc., Tengen Ltd.",Action,Sega Genesis
Growl,1991,"Taito America Corporation, Taito Corporation",Action,Sega Genesis
Gunship,1993,U.S. Gold Ltd.,"Action, Simulation",Sega Genesis
Gunstar Heroes,1993,"SEGA Enterprises Ltd., SEGA of America, Inc., Tec Toy Indústria de Brinquedos S.A.",Action,Sega Genesis
HardBall!,1991,Ballistic,Sports,Sega Genesis
HardBall 4,1994,"Accolade, Inc.",Sports,Sega Genesis
HardBall 5,1995,"Accolade, Inc.","Simulation, Sports",Sega Genesis
HardBall III,1993,"Accolade, Inc.",Sports,Sega Genesis
Hard Drivin',1990,"Tec Toy Indústria de Brinquedos S.A., Tengen Inc., Tengen Ltd.",Racing / driving,Sega Genesis
Harukanaru Augusta,1993,"T&E Soft, Inc.",Sports,Sega Genesis
Haunting Starring Polterguy,1993,"Electronic Arts, Inc., Tec Toy Indústria de Brinquedos S.A.",Simulation,Sega Genesis
Head-On Soccer,1995,"Tec Toy Indústria de Brinquedos S.A., U.S. Gold, Inc., U.S. Gold Ltd.",Sports,Sega Genesis
Heavy Nova,1992,Micronet Co. Ltd.,Action,Sega Genesis
Heavy Unit,1990,"Toho Co., Ltd.",Action,Sega Genesis
Hellfire,1990,"Masaya, Seismic Software Inc.",Action,Sega Genesis
Herzog Zwei,1989,"SEGA Enterprises Ltd., SEGA of America, Inc., Technosoft Co., Ltd.",Strategy / tactics,Sega Genesis
High Seas Havoc,1993,"Data East Corporation, Data East USA, Inc.",Action,Sega Genesis
Hit the Ice: The Video Hockey League,1992,Taito America Corporation,"Action, Sports",Sega Genesis
Home Alone,1992,"SEGA Enterprises Ltd., SEGA of America, Inc., Tec Toy Indústria de Brinquedos S.A.",Action,Sega Genesis
Home Alone 2: Lost in New York,1993,"SEGA of America, Inc., Tec Toy Indústria de Brinquedos S.A.",Action,Sega Genesis
Hon? no T?ky?ji: Dodge Danpei,1992,SEGA Enterprises Ltd.,"Action, Sports",Sega Genesis
Hook,1992,Sony Imagesoft,Action,Sega Genesis
The Humans,1992,"GameTek, Inc.","Action, Puzzle",Sega Genesis
Hurricanes,1994,U.S. Gold Ltd.,Action,Sega Genesis
The Hybrid Front,1994,SEGA Enterprises Ltd.,Strategy / tactics,Sega Genesis
Hyokkori Hy?tanjima: Dait?ry? o Mezase!,1992,SEGA Enterprises Ltd.,Strategy / tactics,Sega Genesis
Hyper Marbles,1991,SEGA Enterprises Ltd.,Action,Sega Genesis
Ikasuze! Koi no Doki Doki Penguin Land MD,1992,SEGA Enterprises Ltd.,Action,Sega Genesis
IMG International Tour Tennis,1994,"Electronic Arts, Inc., Tec Toy Indústria de Brinquedos S.A.",Sports,Sega Genesis
The Immortal,1991,"Electronic Arts, Inc., Electronic Arts Victor, Tec Toy Indústria de Brinquedos S.A.",Action,Sega Genesis
The Incredible Crash Dummies,1993,"LJN, Ltd.",Action,Sega Genesis
The Incredible Hulk,1994,"Tec Toy Indústria de Brinquedos S.A., U.S. Gold, Inc., U.S. Gold Ltd.",Action,Sega Genesis
Indiana Jones and the Last Crusade: The Action Game,1992,U.S. Gold Ltd.,Action,Sega Genesis
Insector X,1990,"Hot-B Co., Ltd., Sage's Creation, Inc., Tec Toy Indústria de Brinquedos S.A.",Action,Sega Genesis
Instruments of Chaos Starring Young Indiana Jones,1994,"SEGA of America, Inc., Tec Toy Indústria de Brinquedos S.A.",Action,Sega Genesis
International Rugby,1993,Domark Software Ltd.,Sports,Sega Genesis
International Superstar Soccer Deluxe,1996,"Konami Deutschland GmbH, Tec Toy Indústria de Brinquedos S.A.",Sports,Sega Genesis
Ishid?: The Way of Stones,1990,"Accolade, Inc.",Strategy / tactics,Sega Genesis
Ivan 'Ironman' Stewart's Super Off Road,1994,Ballistic,Racing / driving,Sega Genesis
Izzy's Quest for the Olympic Rings,1995,U.S. Gold Ltd.,Action,Sega Genesis
Jack Nicklaus' Power Challenge Golf,1993,"Accolade, Inc.",Sports,Sega Genesis
James Bond 007: The Duel,1993,"Domark Software, Inc., Domark Software Ltd., Tec Toy Indústria de Brinquedos S.A., Tengen Ltd.",Action,Sega Genesis
James Pond 2: Codename: RoboCod,1991,"Electronic Arts, Inc., Electronic Arts Victor, Tec Toy Indústria de Brinquedos S.A.",Action,Sega Genesis
James Pond 3: Operation Starfish,1993,"Electronic Arts, Inc., Electronic Arts Ltd.",Action,Sega Genesis
James Pond: Underwater Agent,1991,"Electronic Arts, Inc., Tec Toy Indústria de Brinquedos S.A.",Action,Sega Genesis
Jammit,1994,"Virgin Interactive Entertainment, Inc.",Sports,Sega Genesis
Jan? T?ry?mon,1993,SEGA Enterprises Ltd.,Strategy / tactics,Sega Genesis
Jantei Monogatari,1991,Renovation Game,Strategy / tactics,Sega Genesis
Jennifer Capriati Tennis,1992,"Renovation Products, Inc.",Sports,Sega Genesis
Jeopardy!,1992,"GameTek, Inc.",Puzzle,Sega Genesis
Jeopardy! Deluxe Edition,1993,"GameTek, Inc.",Puzzle,Sega Genesis
Jeopardy! Sports Edition,1994,"GameTek, Inc.",Puzzle,Sega Genesis
Jewel Master,1991,"SEGA Enterprises Ltd., SEGA of America, Inc.",Action,Sega Genesis
Jimmy White's 'Whirlwind' Snooker,1994,Virgin Interactive Entertainment (Europe) Ltd.,Sports,Sega Genesis
J.League Champion Soccer,1993,"Game Arts Co., Ltd.","Simulation, Sports",Sega Genesis
Joe & Mac: Caveman Ninja,1994,"TAKARA Co., Ltd., Tec Toy Indústria de Brinquedos S.A.",Action,Sega Genesis
Joe Montana Football,1990,"SEGA Enterprises Ltd., SEGA of America, Inc.","Action, Sports",Sega Genesis
Joe Montana II: Sports Talk Football,1991,"SEGA Enterprises Ltd., SEGA of America, Inc., Tec Toy Indústria de Brinquedos S.A.",Sports,Sega Genesis
John Madden Football,1990,"Electronic Arts, Inc.",Sports,Sega Genesis
John Madden Football '92,1991,"Electronic Arts, Inc.",Sports,Sega Genesis
John Madden Football '93,1992,"Electronic Arts, Inc., Electronic Arts Victor",Sports,Sega Genesis
John Madden Football '93: Championship Edition,1992,"Electronic Arts, Inc.",Sports,Sega Genesis
Jordan vs Bird: One on One,1992,"Electronic Arts, Inc., Electronic Arts Victor, Tec Toy Indústria de Brinquedos S.A.",Sports,Sega Genesis
Joshua & the Battle of Jericho,1994,"Wisdom Tree, Inc.","Action, Educational",Sega Genesis
Judge Dredd,1995,"Acclaim Entertainment, Inc., Acclaim Japan, Ltd., Tec Toy Indústria de Brinquedos S.A.",Action,Sega Genesis
Junction,1990,Micronet Co. Ltd.,Puzzle,Sega Genesis
Jungle Strike,1993,"Electronic Arts, Inc., Electronic Arts Victor, Tec Toy Indústria de Brinquedos S.A.",Action,Sega Genesis
Jurassic Park,1993,"SEGA Enterprises Ltd., SEGA of America, Inc., Tec Toy Indústria de Brinquedos S.A.",Action,Sega Genesis
Jurassic Park: Rampage Edition,1994,"SEGA Enterprises Ltd., SEGA of America, Inc., Tec Toy Indústria de Brinquedos S.A.",Action,Sega Genesis
Justice League: Task Force,1995,"Acclaim Entertainment, Inc., Acclaim Japan, Ltd., Tec Toy Indústria de Brinquedos S.A.",Action,Sega Genesis
Kageki,1991,"Hot-B Co., Ltd., Sage's Creation, Inc.",Action,Sega Genesis
Kawasaki Superbike Challenge,1995,Time Warner Interactive Inc.,Racing / driving,Sega Genesis
Kick Off 3: European Challenge,1994,Vic Tokai Europe Ltd.,Sports,Sega Genesis
Kid Chameleon,1992,"SEGA Enterprises Ltd., SEGA of America, Inc., Tec Toy Indústria de Brinquedos S.A.",Action,Sega Genesis
Kid? Keisatsu Patlabor: 98-Shiki Kid? seyo!,1992,MA-BA Corp,Role-Playing (RPG),Sega Genesis
The Killing Game Show,1991,"Electronic Arts, Inc., Electronic Arts Victor, Tec Toy Indústria de Brinquedos S.A.",Action,Sega Genesis
King of the Monsters,1993,"SEGA Enterprises Ltd., TAKARA U.S.A. CORP.",Action,Sega Genesis
King of the Monsters 2,1994,TAKARA U.S.A. CORP.,Action,Sega Genesis
King Salmon: The Big Catch,1992,"Hot-B Co., Ltd., Vic Tokai, Inc.","Simulation, Sports",Sega Genesis
King's Bounty,1991,"Electronic Arts, Inc.",Strategy / tactics,Sega Genesis
Kishi Densetsu,1993,Kodansha Ltd.,Simulation,Sega Genesis
Kiss Shot,1992,SEGA Enterprises Ltd.,Sports,Sega Genesis
Klax,1990,"Namco Limited, Tec Toy Indústria de Brinquedos S.A., Tengen Inc.",Puzzle,Sega Genesis
Krusty's Super Fun House,1992,"Flying Edge, Inc., Tec Toy Indústria de Brinquedos S.A.",Action,Sega Genesis
Ky?kai D?ch?ki,1991,Namco Limited,Sports,Sega Genesis
l'Abbaye des Morts,2017,PlayOnRetro,Action,Sega Genesis
Lakers versus Celtics and the NBA Playoffs,1990,"Electronic Arts, Inc.",Sports,Sega Genesis
Landstalker: Treasure of King Nole,1992,"SEGA Enterprises Ltd., SEGA of America, Inc., Tec Toy Indústria de Brinquedos S.A.",Action,Sega Genesis
Langrisser II,1994,Masaya,"Role-Playing (RPG), Strategy / tactics",Sega Genesis
La Russa Baseball 95,1994,"Electronic Arts, Inc.",Sports,Sega Genesis
Last Action Hero,1993,Sony Imagesoft,"Action, Racing / driving",Sega Genesis
Last Battle,1989,"SEGA Enterprises Ltd., SEGA of America, Inc., Tec Toy Indústria de Brinquedos S.A.",Action,Sega Genesis
The Lawnmower Man,1994,Time Warner Interactive Inc.,Action,Sega Genesis
Leander,1992,"Electronic Arts, Inc., Tec Toy Indústria de Brinquedos S.A.",Action,Sega Genesis
Legend of Wukong,2008,Super Fighter Team,Role-Playing (RPG),Sega Genesis
Lemmings,1992,"SEGA Enterprises Ltd., Sun Electronics Corp., Sun Corporation of America",Puzzle,Sega Genesis
Lemmings 2: The Tribes,1994,Psygnosis Limited,Puzzle,Sega Genesis
Lethal Enforcers,1993,"Konami Co., Ltd., Konami (America), Inc.",Action,Sega Genesis
Lethal Enforcers II: Gun Fighters,1994,"Konami (America), Inc.",Action,Sega Genesis
LHX: Attack Chopper,1992,"Electronic Arts, Inc., Electronic Arts Victor","Action, Simulation",Sega Genesis
Liberty or Death,1994,KOEI Corporation,Strategy / tactics,Sega Genesis
Light Crusader,1995,"SEGA Enterprises Ltd., SEGA of America, Inc.",Action,Sega Genesis
Lightening Force: Quest for the Darkstar,1992,"SEGA of America, Inc., Technosoft Co., Ltd.",Action,Sega Genesis
The Lion King,1994,"Virgin Interactive Entertainment (Europe) Ltd., Virgin Interactive Entertainment, Inc., Virgin Interactive Entertainment (Japan), Inc.",Action,Sega Genesis
Lord Monarch,1994,SEGA Corporation,Strategy / tactics,Sega Genesis
The Lost Vikings,1993,"Ballistic, Interplay Productions, Inc.","Action, Puzzle",Sega Genesis
The Lost World: Jurassic Park,1997,"SEGA Enterprises Ltd., SEGA of America, Inc., Tec Toy Indústria de Brinquedos S.A.",Action,Sega Genesis
Lotus: The Ultimate Challenge,1993,"Electronic Arts, Inc.",Racing / driving,Sega Genesis
Lotus Turbo Challenge 2,1992,"Electronic Arts, Inc.",Racing / driving,Sega Genesis
M6,1995,SEGA Enterprises Ltd.,Compilation,Sega Genesis
Madden NFL '94,1993,"Electronic Arts, Inc., Electronic Arts Ltd.",Sports,Sega Genesis
Madden NFL 95,1994,"Electronic Arts, Inc., Tec Toy Indústria de Brinquedos S.A.",Sports,Sega Genesis
Madden NFL 96,1995,"Electronic Arts, Inc.",Sports,Sega Genesis
Madden NFL 97,1996,"Electronic Arts, Inc.",Sports,Sega Genesis
Madden NFL 98,1997,"Electronic Arts, Inc.",Sports,Sega Genesis
Mad? Monogatari I,1996,Compile,Role-Playing (RPG),Sega Genesis
Magical Hat no Buttobi Turbo! Daib?ken,1990,SEGA Enterprises Ltd.,Action,Sega Genesis
Magical Tarur?to-kun,1992,SEGA Enterprises Ltd.,Action,Sega Genesis
Magic Girl Featuring Ling Ling the Little Witch,2015,Super Fighter Team,Action,Sega Genesis
Magic Pockets,2018,JoshProd,Action,Sega Genesis
Mahjong Cop Ry?,1989,SEGA Enterprises Ltd.,"Adventure, Strategy / tactics",Sega Genesis
Mallet Legend's Whac-A-Critter,1993,Realtec Corporation,Action,Sega Genesis
Mamono Hunter Y?ko: Dai 7 no Keish?,1991,Masaya,Action,Sega Genesis
Marble Madness,1991,"Electronic Arts, Inc., Tengen Ltd.","Action, Puzzle",Sega Genesis
Mario Andretti Racing,1994,"Electronic Arts, Inc.","Action, Racing / driving",Sega Genesis
Mario Lemieux Hockey,1991,"SEGA of America, Inc.",Sports,Sega Genesis
Marko,1994,"Domark Software, Inc., Domark Software Ltd., Tec Toy Indústria de Brinquedos S.A.",Action,Sega Genesis
Marsupilami,1995,"SEGA Enterprises Ltd., Tec Toy Indústria de Brinquedos S.A.",Action,Sega Genesis
Marvel Land,1991,"Namco Limited, Namco Hometek Inc., SEGA Enterprises Ltd.",Action,Sega Genesis
Mary Shelley's Frankenstein,1994,Sony Imagesoft,Action,Sega Genesis
Master of Monsters,1991,"Renovation Products, Inc., Toshiba-EMI Ltd.",Strategy / tactics,Sega Genesis
Master of Weapon,1991,Taito Corporation,Action,Sega Genesis
Maten no S?metsu,1993,Kodansha Ltd.,Role-Playing (RPG),Sega Genesis
Math Blaster: Episode One - In Search of Spot,1994,"Davidson & Associates, Inc.",Educational,Sega Genesis
Maui Mallard in Cold Shadow,1995,"Disney Interactive, Inc., SEGA of America, Inc., Tec Toy Indústria de Brinquedos S.A.",Action,Sega Genesis
Mazin Saga: Mutant Fighter,1993,"SEGA Enterprises Ltd., Vic Tokai, Inc.",Action,Sega Genesis
McDonald's Treasure Land Adventure,1993,"SEGA Enterprises Ltd., SEGA of America, Inc., Tec Toy Indústria de Brinquedos S.A.",Action,Sega Genesis
Medal City,1991,SEGA Enterprises Ltd.,Simulation,Sega Genesis
Mega Bomberman,1994,"SEGA Enterprises Ltd., SEGA Corporation, SEGA of America, Inc., Tec Toy Indústria de Brinquedos S.A.",Action,Sega Genesis
Mega Cheril Perils,2017,"1985 Alternativo, Mojon Twins, The",Action,Sega Genesis
Mega Games 10,2002,Tec Toy S.A.,Compilation,Sega Genesis
Mega Games 2,1993,SEGA Enterprises Ltd.,Compilation,Sega Genesis
Mega Games 3,1993,SEGA Enterprises Ltd.,Compilation,Sega Genesis
Mega Games 6 Vol. 1,1995,SEGA Enterprises Ltd.,Compilation,Sega Genesis
Mega Games 6 Vol. 2,1995,SEGA Enterprises Ltd.,Compilation,Sega Genesis
Mega Games 6 Vol. 3,1995,SEGA Enterprises Ltd.,Compilation,Sega Genesis
Mega lo Mania,1992,"CSK Research Institute Corp., Virgin Games, Inc.",Strategy / tactics,Sega Genesis
Mega Man: The Wily Wars,1994,"Capcom Co., Ltd., SEGA of America, Inc.","Action, Compilation",Sega Genesis
MegaMind,1991,SEGA Enterprises Ltd.,Puzzle,Sega Genesis
Mega Mindtris,2017,1985 Alternativo,"Action, Puzzle",Sega Genesis
Megapanel,1990,Namco Limited,Puzzle,Sega Genesis
Mega Turrican,1994,"Data East USA, Inc., Sony Electronic Publishing Ltd.",Action,Sega Genesis
Menacer 6-Game Cartridge,1992,"SEGA of America, Inc., Tec Toy Indústria de Brinquedos S.A.","Action, Compilation",Sega Genesis
Menghuan Shuiguo Pan: 777 Casino,1993,City Man Co.,Simulation,Sega Genesis
Mercs,1991,SEGA Enterprises Ltd.,Action,Sega Genesis
Metal Fangs,1993,Victor Entertainment Inc.,"Action, Racing / driving",Sega Genesis
Michael Jackson's Moonwalker,1990,"SEGA Enterprises Ltd., SEGA of America, Inc., Tec Toy Indústria de Brinquedos S.A.",Action,Sega Genesis
Mickey Mania,1994,"SEGA Enterprises Ltd., Sony Electronic Publishing Ltd.",Action,Sega Genesis
Mickey's Ultimate Challenge,1994,"Hi-Tech Expressions, Inc.",Puzzle,Sega Genesis
Mick & Mack as the Global Gladiators,1993,"Tec Toy Indústria de Brinquedos S.A., Virgin Games, Inc.",Action,Sega Genesis
Micro Machines,1993,"Codemasters Software Company Limited, The",Racing / driving,Sega Genesis
Micro Machines 2: Turbo Tournament,1994,"Codemasters Software Company Limited, The","Action, Racing / driving",Sega Genesis
Micro Machines: Military,1996,"Codemasters Software Company Limited, The","Action, Racing / driving",Sega Genesis
Micro Machines: Turbo Tournament 96,1995,Codemasters,"Action, Racing / driving",Sega Genesis
Midnight Resistance,1991,"Data East Corporation, SEGA of America, Inc.",Action,Sega Genesis
MiG-29: Fighter Pilot,1993,"Domark Software, Inc., Domark Software Ltd., Tengen Ltd.",Simulation,Sega Genesis
Might and Magic II: Gates to Another World,1991,"Electronic Arts, Inc.",Role-Playing (RPG),Sega Genesis
Mighty Morphin Power Rangers,1994,"SEGA Enterprises Ltd., SEGA of America, Inc., Tec Toy Indústria de Brinquedos S.A.",Action,Sega Genesis
Mighty Morphin Power Rangers: The Movie,1995,"Banpresto Co., Ltd., SEGA Enterprises Ltd., SEGA of America, Inc., Tec Toy Indústria de Brinquedos S.A.",Action,Sega Genesis
Mike Ditka Ultimate Football,1991,Ballistic,Sports,Sega Genesis
Minnesota Fats: Pool Legend,1995,"Data East USA, Inc.","Simulation, Sports",Sega Genesis
The Miracle Piano Teaching System,1992,"Software Toolworks, Inc., The",Educational,Sega Genesis
MLBPA Baseball,1994,"Electronic Arts, Inc.",Sports,Sega Genesis
Monopoly,1992,Parker Brothers,Strategy / tactics,Sega Genesis
Monster Lair,1990,SEGA Enterprises Ltd.,Action,Sega Genesis
Monster World IV,1994,SEGA Enterprises Ltd.,Action,Sega Genesis
Mortal Kombat,1993,"Acclaim Entertainment, Inc., Acclaim Japan, Ltd., Tec Toy Indústria de Brinquedos S.A.",Action,Sega Genesis
Mortal Kombat 3,1995,"Williams Entertainment, Inc., Tec Toy Indústria de Brinquedos S.A.",Action,Sega Genesis
Mortal Kombat II,1994,"Acclaim Entertainment, Inc.",Action,Sega Genesis
Mr. Nutz,1994,"Ocean Software Ltd., SEGA of America, Inc.",Action,Sega Genesis
Ms. Pac-Man,1991,Tengen Inc.,Action,Sega Genesis
MTV's Beavis and Butt-Head,1994,"Tec Toy Indústria de Brinquedos S.A., Viacom New Media",Action,Sega Genesis
Muhammad Ali Heavyweight Boxing,1992,"Virgin Games, Inc.",Sports,Sega Genesis
M.U.S.H.A.,1990,"Seismic Software Inc., Toaplan Co., Ltd.",Action,Sega Genesis
Mutant League Football,1993,"Electronic Arts, Inc., Electronic Arts Victor",Sports,Sega Genesis
Mutant League Hockey,1994,"Electronic Arts, Inc.","Action, Sports",Sega Genesis
Mystical Fighter,1991,"DreamWorks, Taito Corporation",Action,Sega Genesis
Mystic Defender,1989,"SEGA Enterprises Ltd., SEGA of America, Inc., Tec Toy Indústria de Brinquedos S.A.",Action,Sega Genesis
Nakajima Satoru Kansh? F-1 Grand Prix,1991,Varie Corporation,"Racing / driving, Simulation",Sega Genesis
Nakajima Satoru Kansh? F1 Super License,1992,Varie Corporation,Racing / driving,Sega Genesis
Nastar Warrior,1990,Taito Corporation,Action,Sega Genesis
NBA Action '94,1994,"SEGA of America, Inc., Tec Toy Indústria de Brinquedos S.A.",Sports,Sega Genesis
NBA Action '95 starring David Robinson,1995,"SEGA of America, Inc.",Sports,Sega Genesis
NBA All-Star Challenge,1992,"Flying Edge, Inc.",Sports,Sega Genesis
NBA Hangtime,1996,"Midway Home Entertainment, Inc., Tec Toy Indústria de Brinquedos S.A.",Sports,Sega Genesis
NBA Jam,1994,"Acclaim Japan, Ltd., Arena Entertainment, Tec Toy Indústria de Brinquedos S.A.","Action, Sports",Sega Genesis
NBA Jam Tournament Edition,1995,"Acclaim Entertainment, Inc., Tec Toy Indústria de Brinquedos S.A.","Action, Sports",Sega Genesis
NBA Live 95,1994,"Electronic Arts, Inc., Electronic Arts Ltd., Tec Toy Indústria de Brinquedos S.A.",Sports,Sega Genesis
NBA Live 96,1995,"Electronic Arts, Inc., Tec Toy Indústria de Brinquedos S.A.",Sports,Sega Genesis
NBA Live 97,1996,"Electronic Arts, Inc., Tec Toy Indústria de Brinquedos S.A.",Sports,Sega Genesis
NBA Live 98,1997,THQ Inc.,Sports,Sega Genesis
NBA Showdown,1994,"Electronic Arts, Inc., Electronic Arts Victor",Sports,Sega Genesis
NCAA Final Four Basketball,1994,"Mindscape, Inc.",Sports,Sega Genesis
NCAA Football,1994,"Mindscape, Inc.",Sports,Sega Genesis
New Horizons,1994,"KOEI Co., Ltd., KOEI Corporation","Simulation, Strategy / tactics",Sega Genesis
Newman/Haas IndyCar featuring Nigel Mansell,1994,"Acclaim Entertainment, Inc., Acclaim Japan, Ltd., Tec Toy Indústria de Brinquedos S.A.","Racing / driving, Simulation",Sega Genesis
The New Zealand Story,1990,Taito Corporation,Action,Sega Genesis
NFL '95,1994,"SEGA of America, Inc., Tec Toy Indústria de Brinquedos S.A.",Sports,Sega Genesis
NFL 98,1997,"SEGA of America, Inc.",Sports,Sega Genesis
NFL Football '94 starring Joe Montana,1993,"SEGA Enterprises Ltd., SEGA of America, Inc., Tec Toy Indústria de Brinquedos S.A.",Sports,Sega Genesis
NFL Quarterback Club,1994,"Acclaim Entertainment, Inc., Acclaim Japan, Ltd.",Sports,Sega Genesis
NFL Quarterback Club 96,1995,"Acclaim Entertainment, Inc.",Sports,Sega Genesis
NFL Sports Talk Football '93 Starring Joe Montana,1992,"SEGA Enterprises Ltd., SEGA of America, Inc.",Sports,Sega Genesis
NHL '94,1993,"Electronic Arts, Inc.",Sports,Sega Genesis
NHL 95,1994,"Electronic Arts, Inc.",Sports,Sega Genesis
NHL 96,1995,"Electronic Arts, Inc.",Sports,Sega Genesis
NHL 97,1996,"Electronic Arts, Inc.",Sports,Sega Genesis
NHL 98,1997,"Electronic Arts, Inc.",Sports,Sega Genesis
NHL All-Star Hockey '95,1995,"SEGA of America, Inc.","Simulation, Sports",Sega Genesis
NHL Hockey,1991,"Electronic Arts, Inc., Electronic Arts Ltd., Electronic Arts Victor",Sports,Sega Genesis
NHLPA Hockey '93,1992,"Electronic Arts, Inc., Electronic Arts Ltd.",Sports,Sega Genesis
Nickelodeon: Aaahh!!! Real Monsters,1995,Viacom New Media,Action,Sega Genesis
Nigel Mansell's World Championship Racing,1993,"GameTek, Inc., Konami Corporation","Racing / driving, Simulation",Sega Genesis
Nightmare Circus,1996,"SEGA of America, Inc., Tec Toy Indústria de Brinquedos S.A.",Action,Sega Genesis
Ninja Burai Densetsu,1991,SEGA Enterprises Ltd.,Strategy / tactics,Sega Genesis
Nintendo World Cup,1992,PAL SOFT,Sports,Sega Genesis
Nobunaga no Yab?: Ha? Den,1994,"KOEI Co., Ltd.",Strategy / tactics,Sega Genesis
Nobunaga's Ambition,1993,"KOEI Co., Ltd., KOEI Corporation",Strategy / tactics,Sega Genesis
Nobunaga's Ambition: Lord of Darkness,1991,"KOEI Co., Ltd.",Strategy / tactics,Sega Genesis
No Escape,1994,Psygnosis Limited,Action,Sega Genesis
Normy's Beach Babe-O-Rama,1994,"Electronic Arts, Inc.",Action,Sega Genesis
Oh Mummy Genesis,2012,1985 Alternativo,Action,Sega Genesis
Olympic Gold: Barcelona '92,1992,"SEGA Enterprises Ltd., Tec Toy Indústria de Brinquedos S.A., U.S. Gold, Inc.",Sports,Sega Genesis
Olympic Summer Games,1996,"Tec Toy Indústria de Brinquedos S.A., U.S. Gold Ltd.",Sports,Sega Genesis
Onslaught,1991,Ballistic,Action,Sega Genesis
The Ooze,1995,"SEGA Enterprises Ltd., SEGA of America, Inc., Tec Toy Indústria de Brinquedos S.A.",Action,Sega Genesis
Operation Europe: Path to Victory 1939-45,1993,"KOEI Co., Ltd., KOEI Corporation","Simulation, Strategy / tactics",Sega Genesis
Osomatsu-kun: Hachamecha Gekij?,1988,SEGA Enterprises Ltd.,Action,Sega Genesis
The Ottifants,1993,SEGA Enterprises Ltd.,Action,Sega Genesis
Outlander,1992,"Mindscape, Inc.","Action, Racing / driving",Sega Genesis
Out of This World,1992,"Virgin Games, Inc.",Action,Sega Genesis
OutRun,1991,"SEGA Enterprises Ltd., SEGA of America, Inc., Tec Toy Indústria de Brinquedos S.A.",Racing / driving,Sega Genesis
OutRun 2019,1993,"SEGA Enterprises Ltd., SEGA of America, Inc., SIMS Co., Ltd.","Action, Racing / driving",Sega Genesis
OutRunners,1994,"Data East USA, Inc., SEGA Enterprises Ltd.",Racing / driving,Sega Genesis
Pac-Attack,1993,Namco Hometek Inc.,Puzzle,Sega Genesis
Pachinko Kuunyan,1992,"Soft Vision International Co., Ltd.",Simulation,Sega Genesis
Pac-Man 2: The New Adventures,1994,Namco Hometek Inc.,Adventure,Sega Genesis
Pac-Mania,1991,Tengen Inc.,Action,Sega Genesis
Paddle Fighter,1991,SEGA Enterprises Ltd.,Action,Sega Genesis
The Pagemaster,1994,"Fox Interactive, Inc.",Action,Sega Genesis
Panorama Cotton,1994,Sun Corporation,Action,Sega Genesis
Paperboy,1991,"Tengen Inc., Tengen Ltd.",Action,Sega Genesis
Paperboy 2,1992,"Tec Toy Indústria de Brinquedos S.A., Tengen Inc.",Action,Sega Genesis
Party Quiz: Mega Q,1993,SEGA Enterprises Ltd.,Puzzle,Sega Genesis
Pat Riley Basketball,1990,"SEGA Enterprises Ltd., SEGA of America, Inc.","Action, Sports",Sega Genesis
Pebble Beach Golf Links,1993,"SEGA Enterprises Ltd., SEGA of America, Inc., Tec Toy Indústria de Brinquedos S.A.",Sports,Sega Genesis
Pelé!,1993,"Accolade, Inc.","Simulation, Sports",Sega Genesis
Pelé II: World Tournament Soccer,1994,"Accolade, Inc.","Action, Sports",Sega Genesis
Pepenga Pengo,1995,SEGA Enterprises Ltd.,Action,Sega Genesis
Pete Sampras Tennis,1994,"Codemasters Software Company Limited, The",Sports,Sega Genesis
Pete Sampras Tennis 96,1995,Codemasters,Sports,Sega Genesis
PGA European Tour,1994,"Electronic Arts, Inc.","Simulation, Sports",Sega Genesis
PGA Tour 96,1995,"Electronic Arts, Inc.",Sports,Sega Genesis
PGA Tour Golf,1991,"Electronic Arts, Inc.",Sports,Sega Genesis
PGA Tour Golf II,1992,"Electronic Arts, Inc., Electronic Arts Victor",Sports,Sega Genesis
PGA Tour Golf III,1994,"Electronic Arts, Inc.","Simulation, Sports",Sega Genesis
Phantasy Star,1994,SEGA Enterprises Ltd.,Role-Playing (RPG),Sega Genesis
Phantasy Star II,1989,"SEGA Enterprises Ltd., SEGA of America, Inc., Tec Toy Indústria de Brinquedos S.A.",Role-Playing (RPG),Sega Genesis
Phantasy Star III: Generations of Doom,1990,"SEGA Enterprises Ltd., SEGA of America, Inc., Tec Toy Indústria de Brinquedos S.A.",Role-Playing (RPG),Sega Genesis
Phantasy Star II Text Adventure: Amia no B?ken,1990,SEGA Enterprises Ltd.,Adventure,Sega Genesis
Phantasy Star II Text Adventure: Anne no B?ken,1991,SEGA Enterprises Ltd.,Adventure,Sega Genesis
Phantasy Star II Text Adventure: Eusis no B?ken,1991,SEGA Enterprises Ltd.,Adventure,Sega Genesis
Phantasy Star II Text Adventure: Huey no B?ken,1991,SEGA Enterprises Ltd.,Adventure,Sega Genesis
Phantasy Star II Text Adventure: Kinds no B?ken,1990,SEGA Enterprises Ltd.,Adventure,Sega Genesis
Phantasy Star II Text Adventure: Nei no B?ken,1991,SEGA Enterprises Ltd.,Adventure,Sega Genesis
Phantasy Star II Text Adventure: Rudger no B?ken,1991,SEGA Enterprises Ltd.,Adventure,Sega Genesis
Phantasy Star II Text Adventure: Shilka no B?ken,1990,SEGA Enterprises Ltd.,Adventure,Sega Genesis
Phantasy Star IV,1993,"SEGA Enterprises Ltd., SEGA of America, Inc.",Role-Playing (RPG),Sega Genesis
Phantom 2040,1995,Viacom New Media,Action,Sega Genesis
Phelios,1990,"Namco Limited, Namco Hometek Inc., Tec Toy Indústria de Brinquedos S.A.",Action,Sega Genesis
Pier Solar and the Great Architects,2010,WaterMelon Co.,Role-Playing (RPG),Sega Genesis
Pigskin 621 AD,1992,"RazorSoft, Inc.",Sports,Sega Genesis
Pink Goes to Hollywood,1993,TecMagik Entertainment Ltd.,Action,Sega Genesis
Pinocchio,1995,"Disney Interactive (Europe, Middle East & Africa) S.A., Tec Toy Indústria de Brinquedos S.A., THQ Inc.",Action,Sega Genesis
Pirates! Gold,1993,"MicroProse Software, Inc.","Action, Strategy / tactics",Sega Genesis
The Pirates of Dark Water,1994,"Sun Corporation, Sun Corporation of America",Action,Sega Genesis
Pitfall: The Mayan Adventure,1994,"Activision, Inc., Tec Toy Indústria de Brinquedos S.A.",Action,Sega Genesis
Pit-Fighter,1991,"Tengen Inc., Tengen Ltd.",Action,Sega Genesis
Populous,1990,"Electronic Arts, Inc., SEGA Enterprises Ltd.",Strategy / tactics,Sega Genesis
Populous II: Trials of the Olympian Gods,1992,"Virgin Games, Ltd.",Strategy / tactics,Sega Genesis
Powerball,1991,"Namco Limited, Namco Hometek Inc.",Sports,Sega Genesis
Power Drive,1994,"Tec Toy Indústria de Brinquedos S.A., U.S. Gold Ltd.",Racing / driving,Sega Genesis
Power Instinct,1994,"Atlus Co., Ltd.",Action,Sega Genesis
PowerMonger,1992,"Electronic Arts, Inc., Electronic Arts Victor, Tec Toy Indústria de Brinquedos S.A.",Strategy / tactics,Sega Genesis
Predator 2,1992,Arena Entertainment,Action,Sega Genesis
Premier Manager,1995,Gremlin Interactive Limited,Sports,Sega Genesis
Premier Manager 97 ,1996,Gremlin Interactive Limited,Sports,Sega Genesis
Primal Rage,1995,"Tec Toy Indústria de Brinquedos S.A., Time Warner Interactive Inc.",Action,Sega Genesis
Prime Time NFL Football starring Deion Sanders,1996,"SEGA of America, Inc.",Sports,Sega Genesis
Prince of Persia,1993,"Domark Software Ltd., Tengen Inc.",Action,Sega Genesis
Pro Quarterback,1992,"Tradewest, Inc.",Sports,Sega Genesis
Pro Striker,1993,SEGA Enterprises Ltd.,Sports,Sega Genesis
Pro Striker 2,1994,SEGA Enterprises Ltd.,Sports,Sega Genesis
Pro Striker: Final Stage,1995,SEGA Enterprises Ltd.,Sports,Sega Genesis
Pro Striker Perfect,1993,SEGA Enterprises Ltd.,Sports,Sega Genesis
Pro Yaky? Super League '91,1991,SEGA Enterprises Ltd.,Sports,Sega Genesis
Psycho Pinball,1995,"Codemasters Software Company Limited, The",Action,Sega Genesis
Psy-O-Blade,1990,"Sigma Enterprises, Inc.",Adventure,Sega Genesis
P.T.O.: Pacific Theater of Operations,1992,"KOEI Co., Ltd., KOEI Corporation","Educational, Strategy / tactics",Sega Genesis
Puggsy,1993,Psygnosis Limited,Action,Sega Genesis
Pulseman,1994,SEGA Enterprises Ltd.,Action,Sega Genesis
The Punisher,1994,"Capcom U.S.A., Inc.",Action,Sega Genesis
Putter Golf,1990,SEGA Enterprises Ltd.,Sports,Sega Genesis
Puyo Puyo,1992,SEGA Enterprises Ltd.,Puzzle,Sega Genesis
Puyo Puyo 2,1994,Compile,Puzzle,Sega Genesis
Puzzle & Action: Ichidant-R,1995,SEGA Enterprises Ltd.,Action,Sega Genesis
Puzzle & Action: Tant-R,1994,SEGA Enterprises Ltd.,Action,Sega Genesis
Pyramid Magic,1991,SEGA Enterprises Ltd.,"Action, Puzzle",Sega Genesis
Pyramid Magic II,1991,SEGA Enterprises Ltd.,"Action, Puzzle, Simulation",Sega Genesis
Pyramid Magic III,1991,SEGA Enterprises Ltd.,"Action, Puzzle",Sega Genesis
Pyramid Magic Special,1991,SEGA Enterprises Ltd.,"Action, Puzzle",Sega Genesis
QuackShot starring Donald Duck,1991,"SEGA Enterprises Ltd., SEGA of America, Inc.",Action,Sega Genesis
Quad Challenge,1991,"Namco Limited, Namco Hometek Inc.",Racing / driving,Sega Genesis
Race Drivin',1993,Tengen Inc.,Racing / driving,Sega Genesis
Radical Rex,1994,"Activision, Inc.",Action,Sega Genesis
Raiden,1991,"Bignet U.S.A., Inc., Micronet Co. Ltd., Tec Toy Indústria de Brinquedos S.A.",Action,Sega Genesis
Rainbow Islands Extra,1990,Taito Corporation,Action,Sega Genesis
Rambo III,1989,"SEGA Enterprises Ltd., SEGA of America, Inc., Tec Toy Indústria de Brinquedos S.A.",Action,Sega Genesis
Rampart,1991,"Tengen Inc., Tengen Ltd.","Action, Strategy / tactics",Sega Genesis
Ranger X,1993,"SEGA Enterprises Ltd., SEGA of America, Inc.",Action,Sega Genesis
R.B.I. Baseball 3,1991,Tengen Inc.,Sports,Sega Genesis
R.B.I. Baseball 4,1992,"Tengen Inc., Tengen Ltd.",Sports,Sega Genesis
R.B.I. Baseball '93,1993,Tengen Inc.,"Simulation, Sports",Sega Genesis
R.B.I. Baseball '94,1994,Tengen Inc.,Sports,Sega Genesis
R.C. Pro-Am,1992,"Tradewest, Inc.","Action, Racing / driving",Sega Genesis
Red Zone,1994,Time Warner Interactive Inc.,Action,Sega Genesis
The Ren & Stimpy Show: Stimpy's Invention,1993,"SEGA of America, Inc.",Action,Sega Genesis
Rent A Hero,1991,SEGA Enterprises Ltd.,"Action, Role-Playing (RPG)",Sega Genesis
The Revenge of Shinobi,1989,"SEGA Enterprises Ltd., SEGA of America, Inc., Tec Toy Indústria de Brinquedos S.A.",Action,Sega Genesis
Revolution X,1995,"Acclaim Entertainment, Inc.",Action,Sega Genesis
Richard Scarry's BusyTown,1994,"SEGA of America, Inc.","Adventure, Educational",Sega Genesis
Riddle Wired: Quiz Dokusen Kigy? no H?kai,1991,SEGA Enterprises Ltd.,Strategy / tactics,Sega Genesis
Rings of Power,1991,"Electronic Arts, Inc.",Role-Playing (RPG),Sega Genesis
Rise of the Robots,1994,Acclaim Entertainment Ltd.,Action,Sega Genesis
Risk: Parker Brothers' World Conquest Game,1994,Parker Brothers,Strategy / tactics,Sega Genesis
Risky Woods,1992,"Electronic Arts, Inc., Electronic Arts Victor, Tec Toy Indústria de Brinquedos S.A.",Action,Sega Genesis
Ristar,1995,"SEGA Enterprises Ltd., SEGA of America, Inc., Tec Toy Indústria de Brinquedos S.A.",Action,Sega Genesis
RoadBlasters,1991,"Tengen Inc., Tengen Ltd.",Racing / driving,Sega Genesis
Road Rash,1991,"Electronic Arts, Inc., Electronic Arts Victor, Tec Toy Indústria de Brinquedos S.A.","Action, Racing / driving",Sega Genesis
Road Rash 3,1995,"Electronic Arts, Inc., Electronic Arts Ltd., Tec Toy Indústria de Brinquedos S.A.","Action, Racing / driving",Sega Genesis
Road Rash II,1992,"Electronic Arts, Inc., Electronic Arts Victor, Tec Toy Indústria de Brinquedos S.A.","Racing / driving, Simulation",Sega Genesis
RoboCop 3,1993,"Flying Edge, Inc.",Action,Sega Genesis
RoboCop versus The Terminator,1993,"Virgin Interactive Entertainment (Europe) Ltd., Virgin Games, Inc., Virgin Interactive Entertainment (Japan), Inc.",Action,Sega Genesis
Robot Battler,1991,SEGA Enterprises Ltd.,"Action, Simulation",Sega Genesis
Rocket Knight Adventures,1993,"Konami Co., Ltd., Konami Deutschland GmbH, Konami (America), Inc.",Action,Sega Genesis
Rock n' Roll Racing,1994,"Interplay Productions, Inc.","Action, Racing / driving",Sega Genesis
Roger Clemens' MVP Baseball,1992,"Flying Edge, Inc.",Sports,Sega Genesis
Rolling Thunder 2,1991,"Namco Limited, Namco Hometek Inc.",Action,Sega Genesis
Rolling Thunder 3,1993,Namco Hometek Inc.,Action,Sega Genesis
Rolo to the Rescue,1992,"Electronic Arts, Inc., Electronic Arts Victor, Tec Toy Indústria de Brinquedos S.A.",Action,Sega Genesis
Romance of the Three Kingdoms II,1991,"KOEI Co., Ltd.",Strategy / tactics,Sega Genesis
Romance of the Three Kingdoms III: Dragon of Destiny,1992,"KOEI Co., Ltd., KOEI Corporation",Strategy / tactics,Sega Genesis
Rugby World Cup 95,1994,"Electronic Arts, Inc.",Sports,Sega Genesis
Saban's VR Troopers,1995,"SEGA of America, Inc.",Action,Sega Genesis
Sagaia,1990,"Taito Corporation, Tec Toy Indústria de Brinquedos S.A.",Action,Sega Genesis
Saint Sword,1991,"Taito America Corporation, Taito Corporation",Action,Sega Genesis
Samurai Shodown,1994,"SEGA Enterprises Ltd., TAKARA U.S.A. CORP.",Action,Sega Genesis
Sangokushi Retsuden: Ransei no Eiy?tachi,1991,SEGA Enterprises Ltd.,"Simulation, Strategy / tactics",Sega Genesis
Sangokushi V,1997,SKOB,Strategy / tactics,Sega Genesis
Sansan,1994,"Sansan Co., Ltd.",Strategy / tactics,Sega Genesis
Saturday Night Slam Masters,1994,"Capcom U.S.A., Inc.","Action, Sports",Sega Genesis
Scholastic's The Magic School Bus: Space Exploration Game,1995,"SEGA of America, Inc.","Educational, Puzzle",Sega Genesis
Scooby-Doo Mystery,1995,"Acclaim Entertainment, Inc., Sun Corporation of America, Tec Toy Indústria de Brinquedos S.A.",Adventure,Sega Genesis
SeaQuest DSV,1994,Black Pearl Software,Action,Sega Genesis
Second Samurai,1994,Psygnosis Limited,Action,Sega Genesis
SEGA Sports 1,1995,SEGA Enterprises Ltd.,Compilation,Sega Genesis
Sega Top Five,1997,Tec Toy Indústria de Brinquedos S.A.,Compilation,Sega Genesis
Sesame Street: Counting Cafe,1994,"Electronic Arts, Inc.","Action, Educational",Sega Genesis
Shadow Blasters,1990,"Sage's Creation, Inc., Sigma Enterprises, Inc.",Action,Sega Genesis
Shadow Dancer: The Secret of Shinobi,1990,"SEGA Enterprises Ltd., SEGA of America, Inc.",Action,Sega Genesis
Shadow of the Beast,1991,"Electronic Arts, Inc., Tec Toy Indústria de Brinquedos S.A., Victor Musical Industries, Inc.",Action,Sega Genesis
Shadow of the Beast II,1992,"Electronic Arts, Inc., Psygnosis Limited, Tec Toy Indústria de Brinquedos S.A.",Action,Sega Genesis
Shadowrun,1994,"SEGA of America, Inc.","Action, Role-Playing (RPG)",Sega Genesis
Shane Warne Cricket,1996,"Codemasters Software Company Limited, The",Sports,Sega Genesis
Shanghai II: Dragon's Eye,1994,"Activision, Inc.",Puzzle,Sega Genesis
Shaq Fu,1994,"Electronic Arts, Inc.",Action,Sega Genesis
Shi-Kin-Joh,1991,Sun Electronics Corp.,Puzzle,Sega Genesis
Shining Force,1992,"SEGA Enterprises Ltd., SEGA of America, Inc.","Role-Playing (RPG), Strategy / tactics",Sega Genesis
Shining Force II,1993,"SEGA Enterprises Ltd., SEGA of America, Inc.","Role-Playing (RPG), Strategy / tactics",Sega Genesis
Shining in the Darkness,1991,"SEGA Enterprises Ltd., SEGA of America, Inc., Tec Toy Indústria de Brinquedos S.A.",Role-Playing (RPG),Sega Genesis
Shinobi III: Return of the Ninja Master,1993,"SEGA Enterprises Ltd., SEGA of America, Inc., Tec Toy Indústria de Brinquedos S.A.",Action,Sega Genesis
Sh?gi no Hoshi,1991,Home Data Corp.,Strategy / tactics,Sega Genesis
Shove It! The Warehouse Game,1990,"DreamWorks, Masaya",Puzzle,Sega Genesis
Show do Milhão,2001,Tec Toy S.A.,Puzzle,Sega Genesis
Show do Milhão Volume 2,2001,Tec Toy S.A.,Puzzle,Sega Genesis
Shuihuzhuan,1996,Chuanpu Technologies,"Role-Playing (RPG), Strategy / tactics",Sega Genesis
Shura no Mon,1992,SEGA Enterprises Ltd.,"Adventure, Strategy / tactics",Sega Genesis
Side Pocket,1992,"Data East Corporation, Data East USA, Inc.","Simulation, Sports",Sega Genesis
The Simpsons: Bart's Nightmare,1993,"Flying Edge, Inc., Tec Toy Indústria de Brinquedos S.A.",Action,Sega Genesis
The Simpsons: Bart vs. the Space Mutants,1992,"Flying Edge, Inc.",Action,Sega Genesis
Sink or Swim,1994,Codemasters,Puzzle,Sega Genesis
Skeleton Krew,1995,"Core Design Ltd., Front Street Publishing, Tec Toy Indústria de Brinquedos S.A.",Action,Sega Genesis
Skitchin',1994,"Electronic Arts, Inc., Tec Toy Indústria de Brinquedos S.A.","Racing / driving, Sports",Sega Genesis
Slam Dunk: Ky?g? Makk? Taiketsu!,1995,"Bandai Co., Ltd.",Sports,Sega Genesis
Slap Fight MD,1993,Tengen Ltd.,Action,Sega Genesis
Smart Mouse,1994,"Ming Super Chip Electronic Co., Ltd., Piko Interactive LLC",Action,Sega Genesis
Smash T.V.,1991,"Flying Edge, Inc.",Action,Sega Genesis
The Smurfs,1994,"Infogrames Europe SA, Tec Toy Indústria de Brinquedos S.A.",Action,Sega Genesis
The Smurfs Travel the World,1996,Infogrames Europe SA,Action,Sega Genesis
Snake Rattle N Roll,1993,SEGA Enterprises Ltd.,Action,Sega Genesis
Snow Bros. Nick & Tom,1993,Tengen Ltd.,Action,Sega Genesis
Socket,1993,"Vic Tokai Corporation, Vic Tokai, Inc.",Action,Sega Genesis
Soldiers of Fortune,1993,"MicroProse Ltd., Spectrum Holobyte, Inc.",Action,Sega Genesis
Sol-Feace,1992,"Renovation Products, Inc.",Action,Sega Genesis
Sonic 3D Blast,1996,"SEGA of America, Inc., Tec Toy Indústria de Brinquedos S.A.",Action,Sega Genesis
Sonic 3D Blast: Part One,1996,"SEGA of America, Inc.",Action,Sega Genesis
Sonic 3D Blast: Part Two,1996,"SEGA of America, Inc.",Action,Sega Genesis
Sonic Classics,1995,"Majesco Sales, Inc., SEGA Enterprises Ltd., Tec Toy Indústria de Brinquedos S.A.",Compilation,Sega Genesis
Sonic Eraser,1991,SEGA Enterprises Ltd.,Puzzle,Sega Genesis
Sonic & Knuckles,1994,"SEGA Enterprises Ltd., SEGA of America, Inc.",Action,Sega Genesis
Sonic the Hedgehog,1991,"SEGA Enterprises Ltd., SEGA of America, Inc., Tec Toy Indústria de Brinquedos S.A.",Action,Sega Genesis
Sonic the Hedgehog 2,1992,"SEGA Enterprises Ltd., SEGA of America, Inc., Tec Toy Indústria de Brinquedos S.A.",Action,Sega Genesis
Sonic the Hedgehog 3,1994,"SEGA Enterprises Ltd., SEGA of America, Inc., Tec Toy Indústria de Brinquedos S.A.",Action,Sega Genesis
Sonic the Hedgehog: Spinball,1993,"SEGA Enterprises Ltd., SEGA of America, Inc., Tec Toy Indústria de Brinquedos S.A.",Action,Sega Genesis
Sorcerer's Kingdom,1992,"American Treco Corporation, Masaya","Role-Playing (RPG), Strategy / tactics",Sega Genesis
Sorcerian,1990,SEGA Enterprises Ltd.,"Action, Role-Playing (RPG)",Sega Genesis
Space Foxes,2016,,Action,Sega Genesis
Space Harrier II,1988,"SEGA Enterprises Ltd., SEGA of America, Inc.",Action,Sega Genesis
Space Invaders '91,1990,"Taito America Corporation, Taito Corporation, Tec Toy Indústria de Brinquedos S.A.",Action,Sega Genesis
Sparkster,1994,"Konami Co., Ltd., Konami Deutschland GmbH, Konami (America), Inc.",Action,Sega Genesis
Speedball 2: Brutal Deluxe,1991,"Arena Entertainment, CSK Research Institute Corp.","Action, Sports",Sega Genesis
Spider-Man,1991,"SEGA Enterprises Ltd., SEGA of America, Inc., Tec Toy Indústria de Brinquedos S.A.",Action,Sega Genesis
Spider-Man,1995,"Acclaim Entertainment, Inc., Tec Toy Indústria de Brinquedos S.A.",Action,Sega Genesis
Spider-Man / Venom: Maximum Carnage,1994,"Acclaim Entertainment, Inc., Acclaim Japan, Ltd.",Action,Sega Genesis
Spider-Man / X-Men: Arcade's Revenge,1993,"Flying Edge, Inc.",Action,Sega Genesis
Spiritual Warfare,1994,"Wisdom Tree, Inc.","Action, Educational",Sega Genesis
Spirou,1995,Infogrames Europe SA,Action,Sega Genesis
Splatterhouse 2,1992,"Namco Limited, Namco Hometek Inc., SEGA Enterprises Ltd.",Action,Sega Genesis
Splatterhouse 3,1993,"Namco Limited, Namco Hometek Inc.",Action,Sega Genesis
Sport Games,1998,Tec Toy Indústria de Brinquedos S.A.,Compilation,Sega Genesis
Sports Talk Baseball,1992,"SEGA of America, Inc.",Sports,Sega Genesis
Spot Goes to Hollywood,1995,"Tec Toy Indústria de Brinquedos S.A., Virgin Interactive Entertainment, Inc.",Action,Sega Genesis
SRD: Super Real Darwin,1990,SEGA Enterprises Ltd.,Action,Sega Genesis
Star Control,1991,Ballistic,"Action, Strategy / tactics",Sega Genesis
Star Cruiser,1990,Masaya,Action,Sega Genesis
Starflight,1991,"Electronic Arts, Inc., Tec Toy Indústria de Brinquedos S.A.","Role-Playing (RPG), Simulation",Sega Genesis
Stargate,1995,"Acclaim Entertainment, Inc., Tec Toy Indústria de Brinquedos S.A.",Action,Sega Genesis
Star Odyssey,1991,"Kodansha Ltd., Super Fighter Team",Role-Playing (RPG),Sega Genesis
Star Trek: Deep Space Nine - Crossroads of Time,1995,"Playmates Interactive Entertainment, Inc.",Action,Sega Genesis
Star Trek: The Next Generation - Future's Past,1994,"SEGA of America, Inc.",Action,Sega Genesis
Steel Empire,1992,"Flying Edge, Inc., Hot-B Co., Ltd.",Action,Sega Genesis
Steel Talons,1992,"Tengen Inc., Tengen Ltd.","Action, Simulation",Sega Genesis
Stormlord,1990,"Micro World, RazorSoft, Inc.",Action,Sega Genesis
Street Fighter II: Champion Edition,1993,"Capcom Co., Ltd., Capcom U.S.A., Inc., Tec Toy Indústria de Brinquedos S.A.",Action,Sega Genesis
Street Racer,1995,"Tec Toy Indústria de Brinquedos S.A., Ubi Soft Entertainment Software",Racing / driving,Sega Genesis
Street Smart,1991,"American Treco Corporation, Treco",Action,Sega Genesis
Streets of Rage,1991,"SEGA Enterprises Ltd., SEGA of America, Inc., Tec Toy Indústria de Brinquedos S.A.",Action,Sega Genesis
Streets of Rage 2,1993,"SEGA Enterprises Ltd., SEGA of America, Inc.",Action,Sega Genesis
Streets of Rage 3,1994,"SEGA Enterprises Ltd., SEGA of America, Inc., Tec Toy Indústria de Brinquedos S.A.",Action,Sega Genesis
Strider,1990,"SEGA Enterprises Ltd., SEGA of America, Inc., Tec Toy Indústria de Brinquedos S.A.",Action,Sega Genesis
Strider 2,1993,U.S. Gold Ltd.,Action,Sega Genesis
Striker,1995,SEGA Enterprises Ltd.,Sports,Sega Genesis
Sub-Terrania,1993,"SEGA Enterprises Ltd., Tec Toy Indústria de Brinquedos S.A.",Action,Sega Genesis
Summer Challenge,1993,"Accolade, Inc.","Action, Sports",Sega Genesis
Sumo Slam!,2013,"Piko Interactive LLC, Segaman Production",Action,Sega Genesis
Sunset Riders,1993,"Konami, Inc.",Action,Sega Genesis
The Super Aquatic Games,1993,"Electronic Arts, Inc., Tec Toy Indústria de Brinquedos S.A.",Sports,Sega Genesis
Super Baseball 2020,1993,"Electronic Arts, Inc., Electronic Arts Victor",Sports,Sega Genesis
Super Battleship: The Classic Naval Combat Game,1993,"Mindscape, Inc.","Action, Strategy / tactics",Sega Genesis
Super Caesars Palace,1993,"Virgin Games, Inc.",Simulation,Sega Genesis
Super Daisenryaku,1989,SEGA Enterprises Ltd.,Strategy / tactics,Sega Genesis
Super Fantasy Zone,1992,"SEGA Enterprises Ltd., Sun Electronics Corp.",Action,Sega Genesis
Super Hang-On,1989,"SEGA Enterprises Ltd., SEGA of America, Inc., Tec Toy Indústria de Brinquedos S.A.",Racing / driving,Sega Genesis
Super High Impact,1992,Arena Entertainment,"Action, Sports",Sega Genesis
Super Hydlide,1989,"Asmik Corporation, Seismic Software Inc.","Action, Role-Playing (RPG)",Sega Genesis
Super Kick Off,1992,"Tec Toy Indústria de Brinquedos S.A., U.S. Gold Ltd.",Sports,Sega Genesis
Superman,1992,Sun Corporation of America,Action,Sega Genesis
Super Monaco GP,1990,"SEGA Enterprises Ltd., SEGA of America, Inc., Tec Toy Indústria de Brinquedos S.A.","Racing / driving, Simulation",Sega Genesis
Super Noah's Ark 3-D,2018,Piko Interactive LLC,"Action, Educational",Sega Genesis
Super Skidmarks,1995,"Codemasters Software Company Limited, The",Racing / driving,Sega Genesis
Super Street Fighter II,1994,"Capcom Co., Ltd., Capcom U.S.A., Inc., Tec Toy Indústria de Brinquedos S.A.",Action,Sega Genesis
Super Thunder Blade,1988,"SEGA Enterprises Ltd., SEGA of America, Inc., Tec Toy Indústria de Brinquedos S.A.",Action,Sega Genesis
SUPER Volley ball,1990,"SEGA of America, Inc., Tec Toy Indústria de Brinquedos S.A., Video System Co., Ltd.",Sports,Sega Genesis
SupraKillminds,2014,1985 Alternativo,"Action, Puzzle",Sega Genesis
Surging Aura,1995,SEGA Enterprises Ltd.,Role-Playing (RPG),Sega Genesis
Switchblade,2019,Piko Interactive LLC,Action,Sega Genesis
Sword of Sodan,1990,"Electronic Arts, Inc., SEGA Enterprises Ltd.",Action,Sega Genesis
Sword of Vermilion,1989,"SEGA Enterprises Ltd., SEGA of America, Inc.","Action, Role-Playing (RPG)",Sega Genesis
Syd of Valis,1992,"Renovation Products, Inc., Shin-Nihon Laser Soft Co., Ltd.",Action,Sega Genesis
Sylvester and Tweety in Cagey Capers,1994,Time Warner Interactive Inc.,Action,Sega Genesis
Syndicate,1994,"Electronic Arts, Inc.","Action, Strategy / tactics",Sega Genesis
T2: Terminator 2 - Judgment Day,1993,"Flying Edge, Inc.",Action,Sega Genesis
Taiheiki,1991,SEGA Enterprises Ltd.,Strategy / tactics,Sega Genesis
Taik? Risshiden,1993,"KOEI Co., Ltd.","Role-Playing (RPG), Strategy / tactics",Sega Genesis
Tanglewood,2018,Big Evil Corporation Ltd.,Action,Sega Genesis
Target Earth,1990,"DreamWorks, Masaya",Action,Sega Genesis
Task Force Harrier EX,1991,"American Treco Corporation, Treco",Action,Sega Genesis
Taz in Escape from Mars,1994,"SEGA of America, Inc.",Action,Sega Genesis
Taz-Mania,1992,"SEGA Enterprises Ltd., SEGA of America, Inc., Tec Toy Indústria de Brinquedos S.A.",Action,Sega Genesis
Team USA Basketball,1992,"Electronic Arts, Inc., Electronic Arts Victor",Sports,Sega Genesis
TechnoClash,1993,"Electronic Arts, Inc., Tec Toy Indústria de Brinquedos S.A.",Action,Sega Genesis
Techno Cop,1990,"RazorSoft, Inc.","Action, Racing / driving",Sega Genesis
Tecmo Super Baseball,1994,"Tecmo, Inc.",Sports,Sega Genesis
Tecmo Super Bowl,1993,"Tecmo, Inc., Tecmo, Ltd.",Sports,Sega Genesis
Tecmo Super Bowl III: Final Edition,1994,"Tecmo, Inc.",Sports,Sega Genesis
Tecmo Super Bowl II: Special Edition,1994,"Tecmo, Inc., Tecmo, Ltd.",Sports,Sega Genesis
Tecmo Super Hockey,1994,"Tecmo, Inc.",Sports,Sega Genesis
Tecmo Super NBA Basketball,1993,"Tecmo, Inc., Tecmo, Ltd.",Sports,Sega Genesis
Tecmo World Cup '90,1992,"SIMS Co., Ltd.",Sports,Sega Genesis
Teddy Boy Blues,1992,SEGA Enterprises Ltd.,Action,Sega Genesis
Teenage Mutant Ninja Turtles: The Hyperstone Heist,1992,"Konami Co., Ltd., Konami Deutschland GmbH, Konami, Inc., Tec Toy Indústria de Brinquedos S.A.",Action,Sega Genesis
Teenage Mutant Ninja Turtles: Tournament Fighters,1993,"Konami Co., Ltd., Konami (America), Inc.",Action,Sega Genesis
Tel-Tel Mahjong,1990,Sun Electronics Corp.,Strategy / tactics,Sega Genesis
Tel-Tel Stadium,1990,Sun Electronics Corp.,Sports,Sega Genesis
Tenka T?itsu,1991,Asmik Corporation,"Simulation, Strategy / tactics",Sega Genesis
Terminator 2: Judgment Day,1993,"Acclaim Japan, Ltd., Arena Entertainment, Tec Toy Indústria de Brinquedos S.A.",Action,Sega Genesis
The Terminator,1992,"Virgin Games, Ltd., Virgin Games, Inc.",Action,Sega Genesis
Tetris,1989,SEGA Enterprises Ltd.,"Action, Puzzle",Sega Genesis
Theme Park,1995,"Electronic Arts, Inc.",Strategy / tactics,Sega Genesis
Thomas the Tank Engine & Friends,1993,THQ Inc.,"Action, Racing / driving",Sega Genesis
Thunderbolt 2,1995,"Piko Interactive LLC, Sun Green Technology Co., Ltd.",Action,Sega Genesis
Thunder Force II,1989,"SEGA Enterprises Ltd., SEGA of America, Inc., Technosoft Co., Ltd., Tec Toy Indústria de Brinquedos S.A.",Action,Sega Genesis
Thunder Force III,1990,"Technosoft Co., Ltd., Tec Toy Indústria de Brinquedos S.A.",Action,Sega Genesis
Thunder Fox,1991,Taito Corporation,Action,Sega Genesis
Thunder Pro Wrestling Retsuden,1992,"Human Entertainment, Inc.",Sports,Sega Genesis
The Tick,1994,"Fox Interactive, Inc.",Action,Sega Genesis
Time Killers,1996,Black Pearl Software,Action,Sega Genesis
TinHead,1993,"Ballistic, Spectrum Holobyte, Inc.",Action,Sega Genesis
Tintin in Tibet,1995,Infogrames Europe SA,Action,Sega Genesis
Tiny Toon Adventures: Acme All-Stars,1994,"Konami Co., Ltd., Konami (America), Inc., Tec Toy Indústria de Brinquedos S.A.",Sports,Sega Genesis
Tiny Toon Adventures: Buster's Hidden Treasure,1993,"Konami, Inc.",Action,Sega Genesis
TNN Bass Tournament of Champions,1993,American Softworks Corporation,Sports,Sega Genesis
TNN Outdoors Bass Tournament '96,1996,American Softworks Corporation,Sports,Sega Genesis
Todd's Adventures in Slime World,1992,"Micro World, Renovation Products, Inc.",Action,Sega Genesis
ToeJam & Earl,1991,"SEGA Enterprises Ltd., SEGA of America, Inc., Tec Toy Indústria de Brinquedos S.A.",Action,Sega Genesis
ToeJam & Earl in Panic on Funkotron,1993,"SEGA of America, Inc., Tec Toy Indústria de Brinquedos S.A.",Action,Sega Genesis
T?gi ?: King Colossus,1992,SEGA Enterprises Ltd.,Role-Playing (RPG),Sega Genesis
Toki: Going Ape Spit,1991,"SEGA Enterprises Ltd., SEGA of America, Inc.",Action,Sega Genesis
Tom and Jerry: Frantic Antics!,1994,"Altron Corporation, Hi-Tech Expressions, Inc.",Action,Sega Genesis
Tom Mason's Dinosaurs for Hire,1993,"SEGA of America, Inc., Tec Toy Indústria de Brinquedos S.A.",Action,Sega Genesis
Tommy Lasorda Baseball,1989,"SEGA Enterprises Ltd., SEGA of America, Inc.",Sports,Sega Genesis
Tongue of the Fatman,1990,"RazorSoft, Inc., Sanritsu Denki Co., Ltd.",Action,Sega Genesis
Tony La Russa Baseball,1993,"Electronic Arts, Inc.",Sports,Sega Genesis
Top Gear 2,1994,"Vic Tokai, Inc.",Racing / driving,Sega Genesis
Top Pro Golf,1992,"Soft Vision International Co., Ltd.",Sports,Sega Genesis
Total Football,1995,"Acclaim Entertainment, Inc.",Sports,Sega Genesis
Toughman Contest,1995,"Electronic Arts, Inc.",Sports,Sega Genesis
Toxic Crusaders,1992,"SEGA of America, Inc.",Action,Sega Genesis
Toys,1993,"Absolute Entertainment, Inc.",Action,Sega Genesis
Trampoline Terror! ,1990,DreamWorks,"Action, Puzzle",Sega Genesis
Traysia,1992,"Renovation Products, Inc.",Role-Playing (RPG),Sega Genesis
Triple Play 96,1995,"Electronic Arts, Inc.","Simulation, Sports",Sega Genesis
Triple Play: Gold Edition,1996,"Electronic Arts, Inc.",Sports,Sega Genesis
Triple Score: 3 Games In One,1992,SEGA Enterprises Ltd.,Compilation,Sega Genesis
Trouble Shooter,1991,"Vic Tokai Corporation, Vic Tokai, Inc.",Action,Sega Genesis
Troy Aikman NFL Football,1994,"Williams Entertainment, Inc.",Sports,Sega Genesis
True Golf Classics: Waialae Country Club,1994,SEGA Enterprises Ltd.,Sports,Sega Genesis
True Golf Classics: Wicked 18,1994,SEGA Enterprises Ltd.,Sports,Sega Genesis
True Lies,1994,"Acclaim Entertainment, Inc., Acclaim Japan, Ltd.",Action,Sega Genesis
Truxton,1989,"SEGA Enterprises Ltd., SEGA of America, Inc.",Action,Sega Genesis
Turbo Out Run,1992,SEGA Enterprises Ltd.,Racing / driving,Sega Genesis
Turma da Mônica na Terra dos Monstros,1994,"Tec Toy Indústria de Brinquedos S.A., Tectoy S.A.",Action,Sega Genesis
Turrican,1991,"Accolade, Inc., Ballistic",Action,Sega Genesis
Twin Cobra,1991,"SEGA of America, Inc., Tec Toy Indústria de Brinquedos S.A., Treco",Action,Sega Genesis
Twin Hawk,1990,SEGA Enterprises Ltd.,Action,Sega Genesis
Twinkle Tale,1992,Toyo Recording Co.,Action,Sega Genesis
Two Crude Dudes,1992,"Data East Corporation, Data East USA, Inc.",Action,Sega Genesis
Uju Geobukseon,1993,"Samsung Electronics Co., Ltd.",Action,Sega Genesis
Ultimate Mortal Kombat 3,1996,"Williams Entertainment, Inc., Tec Toy Indústria de Brinquedos S.A.",Action,Sega Genesis
Ultimate Soccer,1993,SEGA Europe Ltd.,Sports,Sega Genesis
Ultraman,1993,MA-BA Corp,Action,Sega Genesis
Uncharted Waters,1992,"KOEI Co., Ltd., KOEI Corporation","Simulation, Strategy / tactics",Sega Genesis
Undead Line,1991,PAL SOFT,Action,Sega Genesis
Universal Soldier,1992,"Accolade, Inc.",Action,Sega Genesis
Unnecessary Roughness '95,1994,"Accolade, Inc.",Sports,Sega Genesis
Urban Strike,1994,"Electronic Arts, Inc.",Action,Sega Genesis
Uwol: Quest for Money,2013,1985 Alternativo,Action,Sega Genesis
Valis,1991,"Renovation Products, Inc., Riot",Action,Sega Genesis
Valis III,1991,"Renovation Products, Inc., Telenet Japan Co., Ltd.",Action,Sega Genesis
Vapor Trail,1991,"Renovation Products, Inc., Riot",Action,Sega Genesis
VectorMan,1995,"SEGA of America, Inc., Tec Toy Indústria de Brinquedos S.A.",Action,Sega Genesis
Vectorman 2,1996,"SEGA of America, Inc.",Action,Sega Genesis
Venom  Spider-Man: Separation Anxiety,1995,"Acclaim Entertainment, Inc., Tec Toy Indústria de Brinquedos S.A.",Action,Sega Genesis
Verytex,1991,Asmik Corporation,Action,Sega Genesis
Viewpoint,1994,American Sammy Corporation,Action,Sega Genesis
Virtua Fighter 2,1996,"SEGA Enterprises Ltd., SEGA of America, Inc., Tec Toy Indústria de Brinquedos S.A.",Action,Sega Genesis
Virtual Bart,1994,"Acclaim Entertainment Ltd., Acclaim Japan, Ltd.",Action,Sega Genesis
Virtual Pinball,1993,"Electronic Arts, Inc.",Simulation,Sega Genesis
Virtua Racing,1994,"SEGA Enterprises Ltd., SEGA of America, Inc., Tec Toy Indústria de Brinquedos S.A.",Racing / driving,Sega Genesis
Vixen 357,1992,Masaya,"Role-Playing (RPG), Strategy / tactics",Sega Genesis
Volfied,1991,"Taito Corporation, Taito Software Inc., Tec Toy Indústria de Brinquedos S.A.","Action, Puzzle",Sega Genesis
Wacky Worlds Creativity Studio,1994,"SEGA of America, Inc., Tec Toy Indústria de Brinquedos S.A.","Educational, Simulation",Sega Genesis
Wani Wani World,1992,"Kaneko Co., Ltd.",Action,Sega Genesis
Wardner,1991,"Mentrix Software, Inc., Visco Corporation",Action,Sega Genesis
Warlock,1994,"Acclaim Entertainment, Inc., Acclaim Entertainment Ltd., Tec Toy Indústria de Brinquedos S.A., Trimark Interactive",Action,Sega Genesis
WarpSpeed,1993,"Accolade, Inc.",Action,Sega Genesis
Warrior of Rome,1991,Micronet Co. Ltd.,Strategy / tactics,Sega Genesis
Warrior of Rome II,1992,Micronet Co. Ltd.,Strategy / tactics,Sega Genesis
Warsong,1991,"American Treco Corporation, Masaya","Role-Playing (RPG), Strategy / tactics",Sega Genesis
Water Margin: A Tale of Clouds and Wind,1999,"JoshProd, King Tec Information Co., Ltd.",Action,Sega Genesis
Wayne Gretzky and the NHLPA All-Stars,1995,"Tec Toy Indústria de Brinquedos S.A., Time Warner Interactive Inc.",Sports,Sega Genesis
Wayne's World,1993,THQ Inc.,Action,Sega Genesis
WeaponLord,1995,Namco Hometek Inc.,Action,Sega Genesis
Wheel of Fortune,1992,"GameTek, Inc.",Puzzle,Sega Genesis
Where in the World Is Carmen Sandiego?,1992,"Electronic Arts, Inc., Tec Toy Indústria de Brinquedos S.A.","Adventure, Educational",Sega Genesis
Where in Time Is Carmen Sandiego?,1992,"Electronic Arts, Inc., Tec Toy Indústria de Brinquedos S.A.","Adventure, Educational",Sega Genesis
Whip Rush,1990,"Renovation Products, Inc., SEGA Enterprises Ltd.",Action,Sega Genesis
Will Harvey's Zany Golf,1990,"Electronic Arts, Inc.",Sports,Sega Genesis
Williams Arcade Classics,1996,"Midway Home Entertainment, Inc.","Action, Compilation",Sega Genesis
Wimbledon Championship Tennis,1993,"SEGA Enterprises Ltd., SEGA of America, Inc., Tec Toy Indústria de Brinquedos S.A.","Action, Sports",Sega Genesis
Wings of Wor,1991,"DreamWorks, Masaya, SEGA Europe Ltd., Tec Toy Indústria de Brinquedos S.A.",Action,Sega Genesis
Winter Olympics: Lillehammer '94,1994,"SEGA Enterprises Ltd., Tec Toy Indústria de Brinquedos S.A., U.S. Gold Ltd.",Sports,Sega Genesis
Wiz 'n' Liz,1993,Psygnosis Limited,Action,Sega Genesis
Wolfchild,1993,"JVC Musical Industries, Inc.",Action,Sega Genesis
Wolverine: Adamantium Rage,1994,"Acclaim Entertainment, Inc., Tec Toy Indústria de Brinquedos S.A.",Action,Sega Genesis
Wonder Boy in Monster World,1991,"SEGA Enterprises Ltd., SEGA of America, Inc.",Action,Sega Genesis
World Championship Soccer,1989,"SEGA Enterprises Ltd., SEGA of America, Inc., Tec Toy Indústria de Brinquedos S.A.",Sports,Sega Genesis
World Championship Soccer II,1994,"SEGA Enterprises Ltd., SEGA of America, Inc.",Sports,Sega Genesis
World Class Leader Board,1992,U.S. Gold Ltd.,Sports,Sega Genesis
World Cup USA 94,1994,"U.S. Gold, Inc., U.S. Gold Ltd.",Sports,Sega Genesis
World Heroes,1994,"SEGA of America, Inc., Tec Toy Indústria de Brinquedos S.A.",Action,Sega Genesis
World of Illusion Starring Mickey Mouse and Donald Duck,1992,"SEGA Enterprises Ltd., SEGA of America, Inc., Tec Toy Indústria de Brinquedos S.A.",Action,Sega Genesis
World Series Baseball,1994,"SEGA of America, Inc., Tec Toy Indústria de Brinquedos S.A.",Sports,Sega Genesis
World Series Baseball '95,1995,"SEGA of America, Inc.",Sports,Sega Genesis
World Series Baseball '96,1996,"SEGA of America, Inc.",Sports,Sega Genesis
World Series Baseball 98,1997,"SEGA of America, Inc.",Sports,Sega Genesis
World Trophy Soccer,1992,"Virgin Games, Ltd., Virgin Games, Inc.","Simulation, Sports",Sega Genesis
Worms,1996,Ocean Software Ltd.,Strategy / tactics,Sega Genesis
Wrestle War,1991,SEGA Enterprises Ltd.,Sports,Sega Genesis
WWF Raw,1995,"Acclaim Entertainment, Inc., Acclaim Japan, Ltd.",Sports,Sega Genesis
WWF Royal Rumble,1993,"Acclaim Entertainment, Inc., Acclaim Japan, Ltd., Flying Edge, Inc.",Sports,Sega Genesis
WWF Super WrestleMania,1992,"Flying Edge, Inc.",Sports,Sega Genesis
WWF WrestleMania,1995,"Acclaim Entertainment, Inc., Tec Toy Indústria de Brinquedos S.A.","Action, Sports",Sega Genesis
XDR: X-Dazedly-Ray,1990,Unipacc,Action,Sega Genesis
Xeno Crisis,2019,Bitmap Bureau Ltd.,Action,Sega Genesis
Xenon 2: Megablast,1990,"Virgin Games, Inc.",Action,Sega Genesis
X-Men,1993,"SEGA Enterprises Ltd., SEGA of America, Inc., Tec Toy Indústria de Brinquedos S.A.",Action,Sega Genesis
X-Men 2: Clone Wars,1995,"SEGA Enterprises Ltd., SEGA of America, Inc., Tec Toy Indústria de Brinquedos S.A.",Action,Sega Genesis
X-Perts,1996,Deep Water,Action,Sega Genesis
Yase Zhuanshuo,1995,Chuanpu Technologies,Role-Playing (RPG),Sega Genesis
Ys III: Wanderers from Ys,1991,"Renovation Products, Inc., Telenet Japan Co., Ltd.",Role-Playing (RPG),Sega Genesis
Y? Y? Hakusho Gaiden,1994,SEGA Corporation,Adventure,Sega Genesis
Y? Y? Hakusho: Maky? T?itsusen,1994,"SEGA Enterprises Ltd., Tec Toy Indústria de Brinquedos S.A.",Action,Sega Genesis
Zan: Yasha Enbukyoku,1991,Wolf Team,Strategy / tactics,Sega Genesis
Zero the Kamikaze Squirrel,1994,Sun Corporation,Action,Sega Genesis
Zero Tolerance,1994,"Accolade, Inc., Tec Toy Indústria de Brinquedos S.A.",Action,Sega Genesis
Zero Wing,1991,"SEGA Enterprises Ltd., Toaplan Co., Ltd.",Action,Sega Genesis
Zombies Ate My Neighbors,1993,"Konami, Inc.",Action,Sega Genesis
Zool,1993,"GameTek, Inc., Gremlin Graphics Software Limited",Action,Sega Genesis
Zoom!,1989,"SEGA Enterprises Ltd., SEGA of America, Inc., Tec Toy Indústria de Brinquedos S.A.","Action, Puzzle",Sega Genesis
Zoop,1995,Viacom New Media,"Action, Puzzle",Sega Genesis
